<?xml version = '1.0' encoding = 'UTF-8'?>
<Diagram class="oracle.dbtools.crest.swingui.relational.DPVRelational" name="Relational_1" id="C21DF0EA-F849-9AC1-87AC-297AF2897AFE">
<createdBy>28776</createdBy>
<modifiedBy>28776</modifiedBy>
<createdTime>2022-04-26 13:19:37 UTC</createdTime>
<autoRoute>false</autoRoute>
<boxInbox>true</boxInbox>
<showLegend>false</showLegend>
<showLabels>false</showLabels>
<showRelAttributes>false</showRelAttributes>
<gridEnabled>false</gridEnabled>
<showGrid>false</showGrid>
<diagramColor>-1</diagramColor>
<display>false</display>
<notation>1</notation>
<objectViews>
<OView class="oracle.dbtools.crest.swingui.relational.TVTable" oid="040BA767-FA99-FE40-034F-D8581ED9B52C" otype="Table" vid="1D3085F7-063D-012E-10DC-564C54382AE6">
<hideElementsInCurrentOnly>false</hideElementsInCurrentOnly>
<bounds x="524" y="13" width="142" height="164"/>
</OView>
<OView class="oracle.dbtools.crest.swingui.relational.TVTable" oid="078B543A-73EA-42DC-3BEB-AF0CD4203144" otype="Table" vid="62FE6C58-6635-23B5-0A66-BF7752C02A12">
<hideElementsInCurrentOnly>false</hideElementsInCurrentOnly>
<bounds x="826" y="233" width="130" height="145"/>
</OView>
<OView class="oracle.dbtools.crest.swingui.relational.TVTable" oid="15B51C28-A134-8AF6-4140-9726A10CF7A5" otype="Table" vid="B463E420-9386-1990-8451-AFFF1550910B">
<hideElementsInCurrentOnly>false</hideElementsInCurrentOnly>
<bounds x="801" y="26" width="127" height="118"/>
</OView>
<OView class="oracle.dbtools.crest.swingui.relational.TVTable" oid="363E0A7E-9369-92AE-D05E-DED27FB07A57" otype="Table" vid="A87FAF6A-6B43-1A15-B3C1-4348880D67A2">
<hideElementsInCurrentOnly>false</hideElementsInCurrentOnly>
<bounds x="253" y="30" width="153" height="78"/>
</OView>
<OView class="oracle.dbtools.crest.swingui.relational.TVTable" oid="36420A46-E307-9E2F-C57D-A001296386A1" otype="Table" vid="C8853E26-DBFC-3CDE-2D7D-286613F09C5D">
<hideElementsInCurrentOnly>false</hideElementsInCurrentOnly>
<bounds x="1639" y="256" width="87" height="122"/>
</OView>
<OView class="oracle.dbtools.crest.swingui.relational.TVTable" oid="36D7BFF6-2B75-FBE6-0984-4C7F0AF115FD" otype="Table" vid="F25CE195-9332-E332-9498-1BDD03B5F62C">
<hideElementsInCurrentOnly>false</hideElementsInCurrentOnly>
<bounds x="534" y="593" width="128" height="112"/>
</OView>
<OView class="oracle.dbtools.crest.swingui.relational.TVTable" oid="63E407CD-12AC-52A5-A3BB-79DF9D834EEA" otype="Table" vid="919CD7CF-F5CA-139E-4934-9107F040089B">
<hideElementsInCurrentOnly>false</hideElementsInCurrentOnly>
<bounds x="747" y="437" width="146" height="140"/>
</OView>
<OView class="oracle.dbtools.crest.swingui.relational.TVTable" oid="7C0A506F-359E-460E-7AFA-77C591313C54" otype="Table" vid="F41552CC-8690-887E-F50C-40F15FAF7B79">
<hideElementsInCurrentOnly>false</hideElementsInCurrentOnly>
<bounds x="550" y="244" width="116" height="143"/>
</OView>
<OView class="oracle.dbtools.crest.swingui.relational.TVTable" oid="A23B1710-3564-52E1-9599-97C134C16A0E" otype="Table" vid="22F0E384-4B4E-6ED7-F872-158ADE3B39FF">
<hideElementsInCurrentOnly>false</hideElementsInCurrentOnly>
<bounds x="1272" y="222" width="141" height="190"/>
</OView>
<OView class="oracle.dbtools.crest.swingui.relational.TVTable" oid="A24A1CFF-B153-14E4-0EB7-5FF70B7D30F9" otype="Table" vid="CA01F597-88DA-6213-5012-E97B1724B70F">
<hideElementsInCurrentOnly>false</hideElementsInCurrentOnly>
<bounds x="175" y="257" width="156" height="153"/>
</OView>
<OView class="oracle.dbtools.crest.swingui.relational.TVTable" oid="C413E772-F0EF-2B2E-ED2F-100977AA3922" otype="Table" vid="10963DFA-992F-A1EA-7AE5-CB4DAEE77D55">
<hideElementsInCurrentOnly>false</hideElementsInCurrentOnly>
<bounds x="1341" y="597" width="155" height="92"/>
</OView>
<OView class="oracle.dbtools.crest.swingui.relational.TVTable" oid="C7E226C2-BF30-7DF2-9DEC-CD339A0B4BD4" otype="Table" vid="B095C3B0-E2C1-F7FF-AB91-160063E83AA3">
<hideElementsInCurrentOnly>false</hideElementsInCurrentOnly>
<bounds x="148" y="641" width="154" height="135"/>
</OView>
<OView class="oracle.dbtools.crest.swingui.relational.TVTable" oid="CDBE2D3F-CE6A-6B5E-550A-339FF1F16363" otype="Table" vid="87BD3DCB-FC29-3F7A-E32A-60A7FFE7176B">
<hideElementsInCurrentOnly>false</hideElementsInCurrentOnly>
<bounds x="1138" y="591" width="105" height="101"/>
</OView>
<OView class="oracle.dbtools.crest.swingui.relational.TVTable" oid="DC5C434E-442B-EA22-8A93-E9B131A349FB" otype="Table" vid="0FCBF9C8-585C-CAD4-4D48-2589EC924A7C">
<hideElementsInCurrentOnly>false</hideElementsInCurrentOnly>
<bounds x="142" y="857" width="144" height="88"/>
</OView>
<OView class="oracle.dbtools.crest.swingui.relational.TVTable" oid="E2D39F9C-8F49-7AA8-881A-94BA1DB215D4" otype="Table" vid="00013747-A015-ADFB-2BEB-4A1D55575B60">
<hideElementsInCurrentOnly>false</hideElementsInCurrentOnly>
<bounds x="921" y="566" width="122" height="151"/>
</OView>
<OView class="oracle.dbtools.crest.swingui.relational.TVTable" oid="E771BF7A-F2F3-F510-3383-71AE8F48D918" otype="Table" vid="A2010C57-A4B0-9FAA-DBB5-C47812619599">
<hideElementsInCurrentOnly>false</hideElementsInCurrentOnly>
<bounds x="1608" y="750" width="105" height="115"/>
</OView>
</objectViews>
<connectors>
<Connector class="oracle.dbtools.crest.swingui.relational.TVFKRelation" oid="08D083FA-1D95-07D6-84FC-D56D98CAB167" otype="FKIndexAssociation" vid_source="1D3085F7-063D-012E-10DC-564C54382AE6" vid_target="F41552CC-8690-887E-F50C-40F15FAF7B79">
<hideElementsInCurrentOnly>false</hideElementsInCurrentOnly>
<backgroundColor>-16777216</backgroundColor>
<lineWidth>1</lineWidth>
<points>
<point x="608" y="177"/>
<point x="608" y="244"/>
</points>
</Connector>
<Connector class="oracle.dbtools.crest.swingui.relational.TVFKRelation" oid="23F06361-BB83-85CE-1566-FABBD7190871" otype="FKIndexAssociation" vid_source="22F0E384-4B4E-6ED7-F872-158ADE3B39FF" vid_target="919CD7CF-F5CA-139E-4934-9107F040089B">
<hideElementsInCurrentOnly>false</hideElementsInCurrentOnly>
<backgroundColor>-16777216</backgroundColor>
<lineWidth>1</lineWidth>
<points>
<point x="1272" y="342"/>
<point x="893" y="495"/>
</points>
</Connector>
<Connector class="oracle.dbtools.crest.swingui.relational.TVFKRelation" oid="24752D79-3342-7D98-D6AB-401C4B848248" otype="FKIndexAssociation" vid_source="C8853E26-DBFC-3CDE-2D7D-286613F09C5D" vid_target="22F0E384-4B4E-6ED7-F872-158ADE3B39FF">
<hideElementsInCurrentOnly>false</hideElementsInCurrentOnly>
<backgroundColor>-16777216</backgroundColor>
<lineWidth>1</lineWidth>
<points>
<point x="1639" y="317"/>
<point x="1413" y="317"/>
</points>
</Connector>
<Connector class="oracle.dbtools.crest.swingui.relational.TVFKRelation" oid="3E0D4D0C-E23D-FF13-C0E1-07D407A17AD9" otype="FKIndexAssociation" vid_source="F25CE195-9332-E332-9498-1BDD03B5F62C" vid_target="919CD7CF-F5CA-139E-4934-9107F040089B">
<hideElementsInCurrentOnly>false</hideElementsInCurrentOnly>
<backgroundColor>-16777216</backgroundColor>
<lineWidth>1</lineWidth>
<points>
<point x="662" y="608"/>
<point x="747" y="553"/>
</points>
</Connector>
<Connector class="oracle.dbtools.crest.swingui.relational.TVFKRelation" oid="3E623D7C-69CB-7E2A-A3E9-977461AC6181" otype="FKIndexAssociation" vid_source="B095C3B0-E2C1-F7FF-AB91-160063E83AA3" vid_target="F25CE195-9332-E332-9498-1BDD03B5F62C">
<hideElementsInCurrentOnly>false</hideElementsInCurrentOnly>
<backgroundColor>-16777216</backgroundColor>
<lineWidth>1</lineWidth>
<points>
<point x="302" y="673"/>
<point x="534" y="673"/>
</points>
</Connector>
<Connector class="oracle.dbtools.crest.swingui.relational.TVFKRelation" oid="4C7D60BF-69F8-3179-9733-0C87580C8DCA" otype="FKIndexAssociation" vid_source="22F0E384-4B4E-6ED7-F872-158ADE3B39FF" vid_target="10963DFA-992F-A1EA-7AE5-CB4DAEE77D55">
<hideElementsInCurrentOnly>false</hideElementsInCurrentOnly>
<backgroundColor>-16777216</backgroundColor>
<lineWidth>1</lineWidth>
<points>
<point x="1377" y="412"/>
<point x="1374" y="597"/>
</points>
</Connector>
<Connector class="oracle.dbtools.crest.swingui.relational.TVFKRelation" oid="6E79C777-3F96-34A3-2C7D-D1EF49757D72" otype="FKIndexAssociation" vid_source="B095C3B0-E2C1-F7FF-AB91-160063E83AA3" vid_target="CA01F597-88DA-6213-5012-E97B1724B70F">
<hideElementsInCurrentOnly>false</hideElementsInCurrentOnly>
<backgroundColor>-16777216</backgroundColor>
<lineWidth>1</lineWidth>
<points>
<point x="238" y="641"/>
<point x="238" y="410"/>
</points>
</Connector>
<Connector class="oracle.dbtools.crest.swingui.relational.TVFKRelation" oid="7A59D069-5226-39DD-064C-7A364E9C6C65" otype="FKIndexAssociation" vid_source="10963DFA-992F-A1EA-7AE5-CB4DAEE77D55" vid_target="87BD3DCB-FC29-3F7A-E32A-60A7FFE7176B">
<hideElementsInCurrentOnly>false</hideElementsInCurrentOnly>
<backgroundColor>-16777216</backgroundColor>
<lineWidth>1</lineWidth>
<points>
<point x="1341" y="643"/>
<point x="1243" y="643"/>
</points>
</Connector>
<Connector class="oracle.dbtools.crest.swingui.relational.TVFKRelation" oid="822DE085-8303-0C28-DF79-68FFB423823E" otype="FKIndexAssociation" vid_source="00013747-A015-ADFB-2BEB-4A1D55575B60" vid_target="87BD3DCB-FC29-3F7A-E32A-60A7FFE7176B">
<hideElementsInCurrentOnly>false</hideElementsInCurrentOnly>
<backgroundColor>-16777216</backgroundColor>
<lineWidth>1</lineWidth>
<points>
<point x="1043" y="641"/>
<point x="1138" y="641"/>
</points>
</Connector>
<Connector class="oracle.dbtools.crest.swingui.relational.TVFKRelation" oid="8D28CD8D-D000-22A6-7DD4-E4EE665EF8F8" otype="FKIndexAssociation" vid_source="F41552CC-8690-887E-F50C-40F15FAF7B79" vid_target="CA01F597-88DA-6213-5012-E97B1724B70F">
<hideElementsInCurrentOnly>false</hideElementsInCurrentOnly>
<backgroundColor>-16777216</backgroundColor>
<lineWidth>1</lineWidth>
<points>
<point x="550" y="322"/>
<point x="331" y="322"/>
</points>
</Connector>
<Connector class="oracle.dbtools.crest.swingui.relational.TVFKRelation" oid="8E7DC0BB-3D72-559E-5B05-DCB1BB511D8E" otype="FKIndexAssociation" vid_source="22F0E384-4B4E-6ED7-F872-158ADE3B39FF" vid_target="62FE6C58-6635-23B5-0A66-BF7752C02A12">
<hideElementsInCurrentOnly>false</hideElementsInCurrentOnly>
<backgroundColor>-16777216</backgroundColor>
<lineWidth>1</lineWidth>
<points>
<point x="1272" y="305"/>
<point x="956" y="305"/>
</points>
</Connector>
<Connector class="oracle.dbtools.crest.swingui.relational.TVFKRelation" oid="927FCC90-72C5-EBC2-7F63-D8F1DC2DC648" otype="FKIndexAssociation" vid_source="A2010C57-A4B0-9FAA-DBB5-C47812619599" vid_target="C8853E26-DBFC-3CDE-2D7D-286613F09C5D">
<hideElementsInCurrentOnly>false</hideElementsInCurrentOnly>
<backgroundColor>-16777216</backgroundColor>
<lineWidth>1</lineWidth>
<points>
<point x="1691" y="750"/>
<point x="1691" y="378"/>
</points>
</Connector>
<Connector class="oracle.dbtools.crest.swingui.relational.TVFKRelation" oid="A10D92CA-8E05-2D62-32F6-2AAE8B8D9618" otype="FKIndexAssociation" vid_source="1D3085F7-063D-012E-10DC-564C54382AE6" vid_target="B463E420-9386-1990-8451-AFFF1550910B">
<hideElementsInCurrentOnly>false</hideElementsInCurrentOnly>
<backgroundColor>-16777216</backgroundColor>
<lineWidth>1</lineWidth>
<points>
<point x="666" y="85"/>
<point x="801" y="85"/>
</points>
</Connector>
<Connector class="oracle.dbtools.crest.swingui.relational.TVFKRelation" oid="B75862AC-6353-466C-7E4A-B5D069D55578" otype="FKIndexAssociation" vid_source="F41552CC-8690-887E-F50C-40F15FAF7B79" vid_target="62FE6C58-6635-23B5-0A66-BF7752C02A12">
<hideElementsInCurrentOnly>false</hideElementsInCurrentOnly>
<backgroundColor>-16777216</backgroundColor>
<lineWidth>1</lineWidth>
<points>
<point x="666" y="311"/>
<point x="826" y="311"/>
</points>
</Connector>
<Connector class="oracle.dbtools.crest.swingui.relational.TVFKRelation" oid="B95E700A-258C-019E-3A76-8E149D558CED" otype="FKIndexAssociation" vid_source="A2010C57-A4B0-9FAA-DBB5-C47812619599" vid_target="B095C3B0-E2C1-F7FF-AB91-160063E83AA3">
<hideElementsInCurrentOnly>false</hideElementsInCurrentOnly>
<backgroundColor>-16777216</backgroundColor>
<lineWidth>1</lineWidth>
<points>
<point x="1608" y="763"/>
<point x="302" y="763"/>
</points>
</Connector>
<Connector class="oracle.dbtools.crest.swingui.relational.TVFKRelation" oid="CB7A3065-AB35-2CB4-3443-A259A184FEED" otype="FKIndexAssociation" vid_source="F41552CC-8690-887E-F50C-40F15FAF7B79" vid_target="919CD7CF-F5CA-139E-4934-9107F040089B">
<hideElementsInCurrentOnly>false</hideElementsInCurrentOnly>
<backgroundColor>-16777216</backgroundColor>
<lineWidth>1</lineWidth>
<points>
<point x="666" y="367"/>
<point x="747" y="456"/>
</points>
</Connector>
<Connector class="oracle.dbtools.crest.swingui.relational.TVFKRelation" oid="CC418256-2E26-31A3-2DCD-C2E7DAB645EA" otype="FKIndexAssociation" vid_source="00013747-A015-ADFB-2BEB-4A1D55575B60" vid_target="F25CE195-9332-E332-9498-1BDD03B5F62C">
<hideElementsInCurrentOnly>false</hideElementsInCurrentOnly>
<backgroundColor>-16777216</backgroundColor>
<lineWidth>1</lineWidth>
<points>
<point x="921" y="649"/>
<point x="662" y="649"/>
</points>
</Connector>
<Connector class="oracle.dbtools.crest.swingui.relational.TVFKRelation" oid="CFCC2CFF-D8BF-ED4B-078A-A3A58E7AB930" otype="FKIndexAssociation" vid_source="A87FAF6A-6B43-1A15-B3C1-4348880D67A2" vid_target="1D3085F7-063D-012E-10DC-564C54382AE6">
<hideElementsInCurrentOnly>false</hideElementsInCurrentOnly>
<backgroundColor>-16777216</backgroundColor>
<lineWidth>1</lineWidth>
<points>
<point x="406" y="69"/>
<point x="524" y="69"/>
</points>
</Connector>
<Connector class="oracle.dbtools.crest.swingui.relational.TVFKRelation" oid="D21E635A-FC35-140A-FF41-4C51FE07499C" otype="FKIndexAssociation" vid_source="B095C3B0-E2C1-F7FF-AB91-160063E83AA3" vid_target="0FCBF9C8-585C-CAD4-4D48-2589EC924A7C">
<hideElementsInCurrentOnly>false</hideElementsInCurrentOnly>
<backgroundColor>-16777216</backgroundColor>
<lineWidth>1</lineWidth>
<points>
<point x="217" y="776"/>
<point x="217" y="857"/>
</points>
</Connector>
<Connector class="oracle.dbtools.crest.swingui.relational.TVFKRelation" oid="E116697A-9E9E-067A-CA96-214231124E99" otype="FKIndexAssociation" vid_source="B463E420-9386-1990-8451-AFFF1550910B" vid_target="62FE6C58-6635-23B5-0A66-BF7752C02A12">
<hideElementsInCurrentOnly>false</hideElementsInCurrentOnly>
<backgroundColor>-16777216</backgroundColor>
<lineWidth>1</lineWidth>
<points>
<point x="877" y="144"/>
<point x="881" y="378"/>
</points>
</Connector>
</connectors>
</Diagram>