<?xml version = '1.0' encoding = 'UTF-8'?>
<Entity class="oracle.dbtools.crest.model.design.logical.Entity" directorySegmentName="seg_0" id="561B5AF3-3BB8-1067-1837-A9067EB61594" name="PASSENGER">
<createdBy>28776</createdBy>
<createdTime>2022-04-27 02:36:57 UTC</createdTime>
<ownerDesignName>wc_logical</ownerDesignName>
<engineerTo>
<item key="7C2ED89B-D414-088F-1408-CAACDE981B5F" value="true"/>
</engineerTo>
<adequatelyNormalized>NO</adequatelyNormalized>
<expectedVolumes>0</expectedVolumes>
<fwdEngineeringStrategyName>Single Table</fwdEngineeringStrategyName>
<growthPercent>0</growthPercent>
<growthType>Year</growthType>
<maxVolumes>9999999</maxVolumes>
<minVolumes>0</minVolumes>
<normalForm>Third</normalForm>
<attributes itemClass="oracle.dbtools.crest.model.design.logical.Attribute">
<Attribute name="passedger_id" id="A08EA09F-8B14-74A9-BD06-1FFF2CA4AB95">
<createdBy>28776</createdBy>
<createdTime>2022-04-27 02:52:07 UTC</createdTime>
<commentInRDBMS><![CDATA[passedger id]]></commentInRDBMS>
<ownerDesignName>wc_logical</ownerDesignName>
<engineerTo>
<item key="7C2ED89B-D414-088F-1408-CAACDE981B5F" value="true"/>
</engineerTo>
<useDomainConstraints>false</useDomainConstraints>
<use>1</use>
<logicalDatatype>LOGDT019</logicalDatatype>
<dataTypePrecision>9</dataTypePrecision>
<ownDataTypeParameters>,9,</ownDataTypeParameters>
</Attribute>
<Attribute name="passedger_first_name" id="415EE93D-9DD0-5B73-B13B-21E8B4D17A13">
<createdBy>28776</createdBy>
<createdTime>2022-04-27 02:52:12 UTC</createdTime>
<commentInRDBMS><![CDATA[passedger first name]]></commentInRDBMS>
<ownerDesignName>wc_logical</ownerDesignName>
<engineerTo>
<item key="7C2ED89B-D414-088F-1408-CAACDE981B5F" value="true"/>
</engineerTo>
<useDomainConstraints>false</useDomainConstraints>
<use>1</use>
<logicalDatatype>LOGDT024</logicalDatatype>
<dataTypeSize>50</dataTypeSize>
<ownDataTypeParameters>50,,</ownDataTypeParameters>
</Attribute>
<Attribute name="passedger_last_name" id="E465B4D2-75D3-A461-A618-FB03B4745FFD">
<createdBy>28776</createdBy>
<createdTime>2022-04-27 02:52:13 UTC</createdTime>
<commentInRDBMS><![CDATA[passedger last name]]></commentInRDBMS>
<ownerDesignName>wc_logical</ownerDesignName>
<engineerTo>
<item key="7C2ED89B-D414-088F-1408-CAACDE981B5F" value="true"/>
</engineerTo>
<useDomainConstraints>false</useDomainConstraints>
<use>1</use>
<logicalDatatype>LOGDT024</logicalDatatype>
<dataTypeSize>50</dataTypeSize>
<ownDataTypeParameters>50,,</ownDataTypeParameters>
</Attribute>
<Attribute name="passedger_gender" id="EA535263-CA9C-A99F-37D0-9B9A22C024E4">
<createdBy>28776</createdBy>
<createdTime>2022-04-27 02:52:14 UTC</createdTime>
<commentInRDBMS><![CDATA[passedger gender]]></commentInRDBMS>
<ownerDesignName>wc_logical</ownerDesignName>
<engineerTo>
<item key="7C2ED89B-D414-088F-1408-CAACDE981B5F" value="true"/>
</engineerTo>
<useDomainConstraints>false</useDomainConstraints>
<use>1</use>
<logicalDatatype>LOGDT024</logicalDatatype>
<dataTypeSize>50</dataTypeSize>
<ownDataTypeParameters>50,,</ownDataTypeParameters>
</Attribute>
<Attribute name="passedger_birth" id="5D587C36-0A59-3134-441F-4C96679540AB">
<createdBy>28776</createdBy>
<createdTime>2022-04-27 02:52:15 UTC</createdTime>
<commentInRDBMS><![CDATA[passedger birth]]></commentInRDBMS>
<ownerDesignName>wc_logical</ownerDesignName>
<engineerTo>
<item key="7C2ED89B-D414-088F-1408-CAACDE981B5F" value="true"/>
</engineerTo>
<useDomainConstraints>false</useDomainConstraints>
<use>1</use>
<logicalDatatype>LOGDT024</logicalDatatype>
<dataTypeSize>50</dataTypeSize>
<ownDataTypeParameters>50,,</ownDataTypeParameters>
</Attribute>
<Attribute name="passedger_guardian" id="EE38F70C-83F6-2BE6-2A2D-94DE47E8D5D2">
<createdBy>28776</createdBy>
<createdTime>2022-04-27 02:52:16 UTC</createdTime>
<commentInRDBMS><![CDATA[passedger guardian]]></commentInRDBMS>
<ownerDesignName>wc_logical</ownerDesignName>
<engineerTo>
<item key="7C2ED89B-D414-088F-1408-CAACDE981B5F" value="true"/>
</engineerTo>
<useDomainConstraints>false</useDomainConstraints>
<use>1</use>
<logicalDatatype>LOGDT024</logicalDatatype>
<dataTypeSize>50</dataTypeSize>
<ownDataTypeParameters>50,,</ownDataTypeParameters>
</Attribute>
<Attribute name="phone_number" id="9AFA19C3-2A9B-8EAD-F145-E5159FB2DA03">
<createdBy>28776</createdBy>
<createdTime>2022-04-27 06:06:39 UTC</createdTime>
<commentInRDBMS><![CDATA[the phone number of passenger]]></commentInRDBMS>
<ownerDesignName>wc_logical</ownerDesignName>
<engineerTo>
<item key="7C2ED89B-D414-088F-1408-CAACDE981B5F" value="true"/>
</engineerTo>
<nullsAllowed>true</nullsAllowed>
<useDomainConstraints>false</useDomainConstraints>
<use>1</use>
<logicalDatatype>LOGDT019</logicalDatatype>
<dataTypePrecision>9</dataTypePrecision>
<ownDataTypeParameters>,9,</ownDataTypeParameters>
</Attribute>
<Attribute name="address_id" id="434F5D74-A6CB-0275-7251-B9839A4AC34C">
<createdBy>28776</createdBy>
<createdTime>2022-04-27 17:04:12 UTC</createdTime>
<commentInRDBMS><![CDATA[surrogate key, the id of address]]></commentInRDBMS>
<generatorID>4BF1C4AB-CE46-ECEA-66E0-957B40722960</generatorID>
<ownerDesignName>wc_logical</ownerDesignName>
<engineerTo>
<item key="7C2ED89B-D414-088F-1408-CAACDE981B5F" value="true"/>
</engineerTo>
<referedAttribute>1FBC7B7B-75E6-8621-23F4-26A5A5357B4B</referedAttribute>
<useDomainConstraints>false</useDomainConstraints>
<use>1</use>
<logicalDatatype>LOGDT019</logicalDatatype>
<dataTypePrecision>9</dataTypePrecision>
<ownDataTypeParameters>,9,</ownDataTypeParameters>
</Attribute>
<Attribute name="prin_langu" id="D65FB107-73F6-AD38-DD25-D047739942AE">
<createdBy>28776</createdBy>
<createdTime>2022-04-27 17:31:01 UTC</createdTime>
<commentInRDBMS><![CDATA[passenger print language]]></commentInRDBMS>
<ownerDesignName>wc_logical</ownerDesignName>
<engineerTo>
<item key="7C2ED89B-D414-088F-1408-CAACDE981B5F" value="true"/>
</engineerTo>
<useDomainConstraints>false</useDomainConstraints>
<use>1</use>
<logicalDatatype>LOGDT024</logicalDatatype>
<dataTypeSize>50</dataTypeSize>
<ownDataTypeParameters>50,,</ownDataTypeParameters>
</Attribute>
</attributes>
<identifiers itemClass="oracle.dbtools.crest.model.design.logical.CandidateKey">
<identifier id="1EA873B6-5EB5-9870-4486-ADB2E0FE426D" name="PASSENGER PK">
<createdBy>28776</createdBy>
<createdTime>2022-04-27 08:02:11 UTC</createdTime>
<ownerDesignName>wc_logical</ownerDesignName>
<shouldEngineer>false</shouldEngineer>
<engineerTo>
<item key="7C2ED89B-D414-088F-1408-CAACDE981B5F" value="false"/>
</engineerTo>
<pk>true</pk>
<usedAttributes>
<attributeRef>A08EA09F-8B14-74A9-BD06-1FFF2CA4AB95</attributeRef>
</usedAttributes>
</identifier>
</identifiers>
</Entity>