<?xml version = '1.0' encoding = 'UTF-8'?>
<Entity class="oracle.dbtools.crest.model.design.logical.Entity" directorySegmentName="seg_0" id="5755C693-7A6D-5AC8-1A7D-CC1EA13460E9" name="PORT_TOUR">
<createdBy>28776</createdBy>
<createdTime>2022-04-27 17:27:38 UTC</createdTime>
<ownerDesignName>wc_logical</ownerDesignName>
<engineerTo>
<item key="7C2ED89B-D414-088F-1408-CAACDE981B5F" value="true"/>
</engineerTo>
<adequatelyNormalized>NO</adequatelyNormalized>
<expectedVolumes>0</expectedVolumes>
<fwdEngineeringStrategyName>Single Table</fwdEngineeringStrategyName>
<growthPercent>0</growthPercent>
<growthType>Year</growthType>
<maxVolumes>9999999</maxVolumes>
<minVolumes>0</minVolumes>
<normalForm>Third</normalForm>
<attributes itemClass="oracle.dbtools.crest.model.design.logical.Attribute">
<Attribute name="tour_no" id="8AB3F78E-5E18-403A-7B7C-2645B7A4CC72">
<createdBy>28776</createdBy>
<createdTime>2022-04-27 17:37:17 UTC</createdTime>
<commentInRDBMS><![CDATA[the tour number]]></commentInRDBMS>
<generatorID>C83CF717-7534-13DB-2086-E6B2B4443DF4</generatorID>
<ownerDesignName>wc_logical</ownerDesignName>
<engineerTo>
<item key="7C2ED89B-D414-088F-1408-CAACDE981B5F" value="true"/>
</engineerTo>
<referedAttribute>AF8F4147-A272-13DB-0D8E-EE0912AADB34</referedAttribute>
<useDomainConstraints>false</useDomainConstraints>
<use>1</use>
<logicalDatatype>LOGDT019</logicalDatatype>
<dataTypePrecision>9</dataTypePrecision>
<ownDataTypeParameters>,9,</ownDataTypeParameters>
</Attribute>
<Attribute name="tour_date" id="07561C6B-EA36-692A-B910-136B26147ED9">
<createdBy>28776</createdBy>
<createdTime>2022-04-27 17:27:52 UTC</createdTime>
<commentInRDBMS><![CDATA[tour date]]></commentInRDBMS>
<ownerDesignName>wc_logical</ownerDesignName>
<engineerTo>
<item key="7C2ED89B-D414-088F-1408-CAACDE981B5F" value="true"/>
</engineerTo>
<useDomainConstraints>false</useDomainConstraints>
<use>1</use>
<logicalDatatype>LOGDT007</logicalDatatype>
<ownDataTypeParameters>,,</ownDataTypeParameters>
</Attribute>
<Attribute name="port_code" id="195AAC95-934A-CA52-DC5A-068F043775F4">
<createdBy>28776</createdBy>
<createdTime>2022-04-27 17:36:45 UTC</createdTime>
<commentInRDBMS><![CDATA[port code]]></commentInRDBMS>
<generatorID>104946E1-8B7A-BAB3-7E6F-069E96B41257</generatorID>
<ownerDesignName>wc_logical</ownerDesignName>
<engineerTo>
<item key="7C2ED89B-D414-088F-1408-CAACDE981B5F" value="true"/>
</engineerTo>
<referedAttribute>279D05E3-D1BE-2881-439D-C3B7DF5CE46F</referedAttribute>
<useDomainConstraints>false</useDomainConstraints>
<use>1</use>
<logicalDatatype>LOGDT024</logicalDatatype>
<dataTypeSize>50</dataTypeSize>
<ownDataTypeParameters>50,,</ownDataTypeParameters>
</Attribute>
</attributes>
<identifiers itemClass="oracle.dbtools.crest.model.design.logical.CandidateKey">
<identifier id="4654DB33-9BB9-65AF-4EFC-709662AB4FDD" name="PORT_TOUR PK">
<createdBy>28776</createdBy>
<createdTime>2022-04-27 17:28:01 UTC</createdTime>
<ownerDesignName>wc_logical</ownerDesignName>
<shouldEngineer>false</shouldEngineer>
<engineerTo>
<item key="7C2ED89B-D414-088F-1408-CAACDE981B5F" value="false"/>
</engineerTo>
<pk>true</pk>
<usedAttributes>
<attributeRef>07561C6B-EA36-692A-B910-136B26147ED9</attributeRef>
<attributeRef>8AB3F78E-5E18-403A-7B7C-2645B7A4CC72</attributeRef>
</usedAttributes>
</identifier>
</identifiers>
</Entity>