<?xml version = '1.0' encoding = 'UTF-8'?>
<Entity class="oracle.dbtools.crest.model.design.logical.Entity" directorySegmentName="seg_0" id="5AD7FDCB-8495-7F3C-7E1D-12D81978BC5F" name="OPERATOR">
<createdBy>28776</createdBy>
<createdTime>2022-04-26 13:06:08 UTC</createdTime>
<ownerDesignName>wc_logical</ownerDesignName>
<engineerTo>
<item key="7C2ED89B-D414-088F-1408-CAACDE981B5F" value="true"/>
</engineerTo>
<adequatelyNormalized>NO</adequatelyNormalized>
<expectedVolumes>0</expectedVolumes>
<fwdEngineeringStrategyName>Single Table</fwdEngineeringStrategyName>
<growthPercent>0</growthPercent>
<growthType>Year</growthType>
<maxVolumes>9999999</maxVolumes>
<minVolumes>0</minVolumes>
<normalForm>Third</normalForm>
<attributes itemClass="oracle.dbtools.crest.model.design.logical.Attribute">
<Attribute name="operator_id" id="41264EAC-D7F8-6C7D-0159-86222BEC0F8C">
<createdBy>28776</createdBy>
<createdTime>2022-04-26 13:06:19 UTC</createdTime>
<commentInRDBMS><![CDATA[the id of operator]]></commentInRDBMS>
<ownerDesignName>wc_logical</ownerDesignName>
<engineerTo>
<item key="7C2ED89B-D414-088F-1408-CAACDE981B5F" value="true"/>
</engineerTo>
<useDomainConstraints>false</useDomainConstraints>
<use>1</use>
<logicalDatatype>LOGDT019</logicalDatatype>
<dataTypePrecision>9</dataTypePrecision>
<ownDataTypeParameters>,9,</ownDataTypeParameters>
</Attribute>
<Attribute name="operator_name" id="A47D69DE-8FDF-A0C0-F0EE-859921CA9652">
<createdBy>28776</createdBy>
<createdTime>2022-04-26 13:06:36 UTC</createdTime>
<commentInRDBMS><![CDATA[the name of operator]]></commentInRDBMS>
<ownerDesignName>wc_logical</ownerDesignName>
<engineerTo>
<item key="7C2ED89B-D414-088F-1408-CAACDE981B5F" value="true"/>
</engineerTo>
<useDomainConstraints>false</useDomainConstraints>
<use>1</use>
<logicalDatatype>LOGDT024</logicalDatatype>
<dataTypeSize>50</dataTypeSize>
<ownDataTypeParameters>50,,</ownDataTypeParameters>
</Attribute>
<Attribute name="chief_officer_name" id="AB16B77F-6482-9ADB-85BF-D9A3E6375710">
<createdBy>28776</createdBy>
<createdTime>2022-04-26 13:07:32 UTC</createdTime>
<commentInRDBMS><![CDATA[the chief officer name of operator]]></commentInRDBMS>
<ownerDesignName>wc_logical</ownerDesignName>
<engineerTo>
<item key="7C2ED89B-D414-088F-1408-CAACDE981B5F" value="true"/>
</engineerTo>
<useDomainConstraints>false</useDomainConstraints>
<use>1</use>
<logicalDatatype>LOGDT024</logicalDatatype>
<dataTypeSize>50</dataTypeSize>
<ownDataTypeParameters>50,,</ownDataTypeParameters>
</Attribute>
</attributes>
<identifiers itemClass="oracle.dbtools.crest.model.design.logical.CandidateKey">
<identifier id="80719F44-C35A-39C7-82F8-1A24A1E4573D" name="OPERATOR PK">
<createdBy>28776</createdBy>
<createdTime>2022-04-27 06:58:53 UTC</createdTime>
<ownerDesignName>wc_logical</ownerDesignName>
<shouldEngineer>false</shouldEngineer>
<engineerTo>
<item key="7C2ED89B-D414-088F-1408-CAACDE981B5F" value="false"/>
</engineerTo>
<pk>true</pk>
<usedAttributes>
<attributeRef>41264EAC-D7F8-6C7D-0159-86222BEC0F8C</attributeRef>
</usedAttributes>
</identifier>
</identifiers>
</Entity>