<?xml version = '1.0' encoding = 'UTF-8'?>
<Entity class="oracle.dbtools.crest.model.design.logical.Entity" directorySegmentName="seg_0" id="6FADEDE2-BB33-BBA0-1E57-EF7D88ACE39F" name="PORT">
<createdBy>28776</createdBy>
<createdTime>2022-04-27 02:36:03 UTC</createdTime>
<ownerDesignName>wc_logical</ownerDesignName>
<engineerTo>
<item key="7C2ED89B-D414-088F-1408-CAACDE981B5F" value="true"/>
</engineerTo>
<adequatelyNormalized>NO</adequatelyNormalized>
<expectedVolumes>0</expectedVolumes>
<fwdEngineeringStrategyName>Single Table</fwdEngineeringStrategyName>
<growthPercent>0</growthPercent>
<growthType>Year</growthType>
<maxVolumes>9999999</maxVolumes>
<minVolumes>0</minVolumes>
<normalForm>Third</normalForm>
<attributes itemClass="oracle.dbtools.crest.model.design.logical.Attribute">
<Attribute name="port_code" id="279D05E3-D1BE-2881-439D-C3B7DF5CE46F">
<createdBy>28776</createdBy>
<createdTime>2022-04-27 02:44:25 UTC</createdTime>
<commentInRDBMS><![CDATA[port code]]></commentInRDBMS>
<ownerDesignName>wc_logical</ownerDesignName>
<engineerTo>
<item key="7C2ED89B-D414-088F-1408-CAACDE981B5F" value="true"/>
</engineerTo>
<useDomainConstraints>false</useDomainConstraints>
<use>1</use>
<logicalDatatype>LOGDT024</logicalDatatype>
<dataTypeSize>50</dataTypeSize>
<ownDataTypeParameters>50,,</ownDataTypeParameters>
</Attribute>
<Attribute name="port_name" id="0E11204D-7986-0661-76FF-23099EA26403">
<createdBy>28776</createdBy>
<createdTime>2022-04-27 02:44:47 UTC</createdTime>
<commentInRDBMS><![CDATA[port name]]></commentInRDBMS>
<ownerDesignName>wc_logical</ownerDesignName>
<engineerTo>
<item key="7C2ED89B-D414-088F-1408-CAACDE981B5F" value="true"/>
</engineerTo>
<useDomainConstraints>false</useDomainConstraints>
<use>1</use>
<logicalDatatype>LOGDT024</logicalDatatype>
<dataTypeSize>50</dataTypeSize>
<ownDataTypeParameters>50,,</ownDataTypeParameters>
</Attribute>
<Attribute name="port_country" id="D8FD8A0A-AACC-9209-FE67-913226C05385">
<createdBy>28776</createdBy>
<createdTime>2022-04-27 02:44:59 UTC</createdTime>
<commentInRDBMS><![CDATA[port country]]></commentInRDBMS>
<ownerDesignName>wc_logical</ownerDesignName>
<engineerTo>
<item key="7C2ED89B-D414-088F-1408-CAACDE981B5F" value="true"/>
</engineerTo>
<useDomainConstraints>false</useDomainConstraints>
<use>1</use>
<logicalDatatype>LOGDT024</logicalDatatype>
<dataTypeSize>50</dataTypeSize>
<ownDataTypeParameters>50,,</ownDataTypeParameters>
</Attribute>
<Attribute name="port_population" id="2CA57E70-2A44-6BE8-6E28-2F8272511460">
<createdBy>28776</createdBy>
<createdTime>2022-04-27 02:45:01 UTC</createdTime>
<commentInRDBMS><![CDATA[port population]]></commentInRDBMS>
<ownerDesignName>wc_logical</ownerDesignName>
<engineerTo>
<item key="7C2ED89B-D414-088F-1408-CAACDE981B5F" value="true"/>
</engineerTo>
<useDomainConstraints>false</useDomainConstraints>
<use>1</use>
<logicalDatatype>LOGDT024</logicalDatatype>
<dataTypeSize>50</dataTypeSize>
<ownDataTypeParameters>50,,</ownDataTypeParameters>
</Attribute>
<Attribute name="port_logitude" id="E7B110E5-AD11-BA3E-F394-02EFFE5406B6">
<createdBy>28776</createdBy>
<createdTime>2022-04-27 02:45:06 UTC</createdTime>
<commentInRDBMS><![CDATA[port logitude range(-90~90)]]></commentInRDBMS>
<ownerDesignName>wc_logical</ownerDesignName>
<engineerTo>
<item key="7C2ED89B-D414-088F-1408-CAACDE981B5F" value="true"/>
</engineerTo>
<useDomainConstraints>false</useDomainConstraints>
<use>1</use>
<logicalDatatype>LOGDT019</logicalDatatype>
<dataTypePrecision>90</dataTypePrecision>
<dataTypeScale>-90</dataTypeScale>
<ownDataTypeParameters>,90,-90</ownDataTypeParameters>
</Attribute>
<Attribute name="port_latitude" id="6F33A0AC-F29D-FBFF-8EDA-6EEEAAEBE800">
<createdBy>28776</createdBy>
<createdTime>2022-04-27 02:45:06 UTC</createdTime>
<commentInRDBMS><![CDATA[port latitude range(-180~180)]]></commentInRDBMS>
<ownerDesignName>wc_logical</ownerDesignName>
<engineerTo>
<item key="7C2ED89B-D414-088F-1408-CAACDE981B5F" value="true"/>
</engineerTo>
<useDomainConstraints>false</useDomainConstraints>
<use>1</use>
<logicalDatatype>LOGDT019</logicalDatatype>
<dataTypePrecision>180</dataTypePrecision>
<dataTypeScale>-180</dataTypeScale>
<ownDataTypeParameters>,180,-180</ownDataTypeParameters>
</Attribute>
<Attribute name="coun_code" id="653076E6-59B2-469C-95F0-CDDA1F84796E">
<createdBy>28776</createdBy>
<createdTime>2022-04-27 17:21:10 UTC</createdTime>
<generatorID>5BA19FE4-E3CF-9BEE-C91E-E696819F1FC1</generatorID>
<ownerDesignName>wc_logical</ownerDesignName>
<engineerTo>
<item key="7C2ED89B-D414-088F-1408-CAACDE981B5F" value="true"/>
</engineerTo>
<referedAttribute>D3180599-EAD2-2958-C947-C03EEB79AB88</referedAttribute>
<useDomainConstraints>false</useDomainConstraints>
<use>1</use>
<logicalDatatype>LOGDT019</logicalDatatype>
<dataTypePrecision>9</dataTypePrecision>
<ownDataTypeParameters>,9,</ownDataTypeParameters>
</Attribute>
</attributes>
<identifiers itemClass="oracle.dbtools.crest.model.design.logical.CandidateKey">
<identifier id="6FA29046-558A-0B31-7BE0-142323333E93" name="PORT PK">
<createdBy>28776</createdBy>
<createdTime>2022-04-27 07:16:31 UTC</createdTime>
<ownerDesignName>wc_logical</ownerDesignName>
<shouldEngineer>false</shouldEngineer>
<engineerTo>
<item key="7C2ED89B-D414-088F-1408-CAACDE981B5F" value="false"/>
</engineerTo>
<pk>true</pk>
<usedAttributes>
<attributeRef>279D05E3-D1BE-2881-439D-C3B7DF5CE46F</attributeRef>
</usedAttributes>
</identifier>
</identifiers>
</Entity>