<?xml version = '1.0' encoding = 'UTF-8'?>
<Entity class="oracle.dbtools.crest.model.design.logical.Entity" directorySegmentName="seg_0" id="7214801F-DFC8-E4C1-A98A-2C163906E68D" name="TOUR_LANU">
<createdBy>28776</createdBy>
<createdTime>2022-04-27 17:55:30 UTC</createdTime>
<ownerDesignName>wc_logical</ownerDesignName>
<engineerTo>
<item key="7C2ED89B-D414-088F-1408-CAACDE981B5F" value="true"/>
</engineerTo>
<adequatelyNormalized>NO</adequatelyNormalized>
<expectedVolumes>0</expectedVolumes>
<fwdEngineeringStrategyName>Single Table</fwdEngineeringStrategyName>
<growthPercent>0</growthPercent>
<growthType>Year</growthType>
<maxVolumes>9999999</maxVolumes>
<minVolumes>0</minVolumes>
<normalForm>Third</normalForm>
<attributes itemClass="oracle.dbtools.crest.model.design.logical.Attribute">
<Attribute name="tour_no" id="F8F39581-B166-868C-53BC-C784828E0DBC">
<createdBy>28776</createdBy>
<createdTime>2022-04-27 18:30:56 UTC</createdTime>
<commentInRDBMS><![CDATA[the tour number]]></commentInRDBMS>
<generatorID>8C07FADB-4D91-676F-1566-E238547B7907</generatorID>
<ownerDesignName>wc_logical</ownerDesignName>
<engineerTo>
<item key="7C2ED89B-D414-088F-1408-CAACDE981B5F" value="true"/>
</engineerTo>
<referedAttribute>AF8F4147-A272-13DB-0D8E-EE0912AADB34</referedAttribute>
<useDomainConstraints>false</useDomainConstraints>
<use>1</use>
<logicalDatatype>LOGDT019</logicalDatatype>
<dataTypePrecision>9</dataTypePrecision>
<ownDataTypeParameters>,9,</ownDataTypeParameters>
</Attribute>
<Attribute name="passedger_id" id="8FA2E1CD-8E2B-C4AB-4340-1BB2A874C408">
<createdBy>28776</createdBy>
<createdTime>2022-04-27 18:33:04 UTC</createdTime>
<commentInRDBMS><![CDATA[passedger id]]></commentInRDBMS>
<generatorID>71834DD0-6E11-793A-0B1F-28597F2EAC61</generatorID>
<ownerDesignName>wc_logical</ownerDesignName>
<engineerTo>
<item key="7C2ED89B-D414-088F-1408-CAACDE981B5F" value="true"/>
</engineerTo>
<referedAttribute>8AC28D23-A9AE-2E28-B4EB-64F47C4C1EB0</referedAttribute>
<useDomainConstraints>false</useDomainConstraints>
<use>1</use>
<logicalDatatype>LOGDT019</logicalDatatype>
<dataTypePrecision>9</dataTypePrecision>
<ownDataTypeParameters>,9,</ownDataTypeParameters>
</Attribute>
<Attribute name="commentary_languages" id="DA1B9A19-A57F-7113-DF77-DFB7D12982E0">
<createdBy>28776</createdBy>
<createdTime>2022-04-27 18:33:04 UTC</createdTime>
<commentInRDBMS><![CDATA[the commentary languages of tour]]></commentInRDBMS>
<generatorID>71834DD0-6E11-793A-0B1F-28597F2EAC61</generatorID>
<ownerDesignName>wc_logical</ownerDesignName>
<engineerTo>
<item key="7C2ED89B-D414-088F-1408-CAACDE981B5F" value="true"/>
</engineerTo>
<referedAttribute>E3E1C83E-7FFB-90D5-5611-C0F26350747F</referedAttribute>
<useDomainConstraints>false</useDomainConstraints>
<use>1</use>
<logicalDatatype>LOGDT024</logicalDatatype>
<dataTypeSize>50</dataTypeSize>
<ownDataTypeParameters>50,,</ownDataTypeParameters>
</Attribute>
</attributes>
<identifiers itemClass="oracle.dbtools.crest.model.design.logical.CandidateKey">
<identifier id="197DB7D6-45FE-B67F-9EA1-88839FD964A7" name="TOUR_LUNGE PK">
<createdBy>28776</createdBy>
<createdTime>2022-04-27 18:30:56 UTC</createdTime>
<ownerDesignName>wc_logical</ownerDesignName>
<shouldEngineer>false</shouldEngineer>
<engineerTo>
<item key="7C2ED89B-D414-088F-1408-CAACDE981B5F" value="false"/>
</engineerTo>
<pk>true</pk>
<usedAttributes>
<attributeRef>F8F39581-B166-868C-53BC-C784828E0DBC</attributeRef>
<attributeRef>8FA2E1CD-8E2B-C4AB-4340-1BB2A874C408</attributeRef>
<attributeRef>DA1B9A19-A57F-7113-DF77-DFB7D12982E0</attributeRef>
</usedAttributes>
</identifier>
</identifiers>
</Entity>