<?xml version = '1.0' encoding = 'UTF-8'?>
<Entity class="oracle.dbtools.crest.model.design.logical.Entity" directorySegmentName="seg_0" id="7E918935-2557-665D-AA8D-B37F09917E02" name="ADDRESS">
<createdBy>28776</createdBy>
<createdTime>2022-04-27 02:37:06 UTC</createdTime>
<ownerDesignName>wc_logical</ownerDesignName>
<engineerTo>
<item key="7C2ED89B-D414-088F-1408-CAACDE981B5F" value="true"/>
</engineerTo>
<adequatelyNormalized>NO</adequatelyNormalized>
<expectedVolumes>0</expectedVolumes>
<fwdEngineeringStrategyName>Single Table</fwdEngineeringStrategyName>
<growthPercent>0</growthPercent>
<growthType>Year</growthType>
<maxVolumes>9999999</maxVolumes>
<minVolumes>0</minVolumes>
<normalForm>Third</normalForm>
<attributes itemClass="oracle.dbtools.crest.model.design.logical.Attribute">
<Attribute name="address_id" id="1FBC7B7B-75E6-8621-23F4-26A5A5357B4B">
<createdBy>28776</createdBy>
<createdTime>2022-04-27 09:09:26 UTC</createdTime>
<commentInRDBMS><![CDATA[surrogate key, the id of address]]></commentInRDBMS>
<ownerDesignName>wc_logical</ownerDesignName>
<engineerTo>
<item key="7C2ED89B-D414-088F-1408-CAACDE981B5F" value="true"/>
</engineerTo>
<useDomainConstraints>false</useDomainConstraints>
<use>1</use>
<logicalDatatype>LOGDT019</logicalDatatype>
<dataTypePrecision>9</dataTypePrecision>
<ownDataTypeParameters>,9,</ownDataTypeParameters>
</Attribute>
<Attribute name="street_name" id="4DD946F2-692F-5099-5BCE-38B28484CE71">
<createdBy>28776</createdBy>
<createdTime>2022-04-27 02:53:53 UTC</createdTime>
<commentInRDBMS><![CDATA[passedger street name]]></commentInRDBMS>
<ownerDesignName>wc_logical</ownerDesignName>
<engineerTo>
<item key="7C2ED89B-D414-088F-1408-CAACDE981B5F" value="true"/>
</engineerTo>
<useDomainConstraints>false</useDomainConstraints>
<use>1</use>
<logicalDatatype>LOGDT024</logicalDatatype>
<dataTypeSize>50</dataTypeSize>
<ownDataTypeParameters>50,,</ownDataTypeParameters>
</Attribute>
<Attribute name="town" id="C1263C46-8E24-412B-CA9A-D9BAFB8EF700">
<createdBy>28776</createdBy>
<createdTime>2022-04-27 02:54:16 UTC</createdTime>
<commentInRDBMS><![CDATA[passedger town]]></commentInRDBMS>
<ownerDesignName>wc_logical</ownerDesignName>
<engineerTo>
<item key="7C2ED89B-D414-088F-1408-CAACDE981B5F" value="true"/>
</engineerTo>
<useDomainConstraints>false</useDomainConstraints>
<use>1</use>
<logicalDatatype>LOGDT024</logicalDatatype>
<dataTypeSize>50</dataTypeSize>
<ownDataTypeParameters>50,,</ownDataTypeParameters>
</Attribute>
<Attribute name="postcode" id="EE1F621F-01DE-DA19-661C-1CB1DF47F440">
<createdBy>28776</createdBy>
<createdTime>2022-04-27 02:54:23 UTC</createdTime>
<commentInRDBMS><![CDATA[passedger postcode]]></commentInRDBMS>
<ownerDesignName>wc_logical</ownerDesignName>
<engineerTo>
<item key="7C2ED89B-D414-088F-1408-CAACDE981B5F" value="true"/>
</engineerTo>
<useDomainConstraints>false</useDomainConstraints>
<use>1</use>
<logicalDatatype>LOGDT024</logicalDatatype>
<dataTypeSize>50</dataTypeSize>
<ownDataTypeParameters>50,,</ownDataTypeParameters>
</Attribute>
<Attribute name="country" id="D0BEED25-8C91-2FA0-33EF-A52441DBB376">
<createdBy>28776</createdBy>
<createdTime>2022-04-27 02:54:37 UTC</createdTime>
<commentInRDBMS><![CDATA[passedger country]]></commentInRDBMS>
<ownerDesignName>wc_logical</ownerDesignName>
<engineerTo>
<item key="7C2ED89B-D414-088F-1408-CAACDE981B5F" value="true"/>
</engineerTo>
<useDomainConstraints>false</useDomainConstraints>
<use>1</use>
<logicalDatatype>LOGDT024</logicalDatatype>
<dataTypeSize>50</dataTypeSize>
<ownDataTypeParameters>50,,</ownDataTypeParameters>
</Attribute>
<Attribute name="coun_code" id="E4905810-474B-9E50-94C3-64F9C84D72A9">
<createdBy>28776</createdBy>
<createdTime>2022-04-27 17:19:42 UTC</createdTime>
<generatorID>2C9440FE-AB7E-26B8-AC7A-48AE510A34B4</generatorID>
<ownerDesignName>wc_logical</ownerDesignName>
<engineerTo>
<item key="7C2ED89B-D414-088F-1408-CAACDE981B5F" value="true"/>
</engineerTo>
<referedAttribute>D3180599-EAD2-2958-C947-C03EEB79AB88</referedAttribute>
<useDomainConstraints>false</useDomainConstraints>
<use>1</use>
<logicalDatatype>LOGDT019</logicalDatatype>
<dataTypePrecision>9</dataTypePrecision>
<ownDataTypeParameters>,9,</ownDataTypeParameters>
</Attribute>
</attributes>
<identifiers itemClass="oracle.dbtools.crest.model.design.logical.CandidateKey">
<identifier id="88FDE9F7-5DCA-A889-11CF-561D2A01BE6F" name="ADDRESS PK">
<createdBy>28776</createdBy>
<createdTime>2022-04-27 08:02:47 UTC</createdTime>
<ownerDesignName>wc_logical</ownerDesignName>
<shouldEngineer>false</shouldEngineer>
<engineerTo>
<item key="7C2ED89B-D414-088F-1408-CAACDE981B5F" value="false"/>
</engineerTo>
<pk>true</pk>
<usedAttributes>
<attributeRef>1FBC7B7B-75E6-8621-23F4-26A5A5357B4B</attributeRef>
</usedAttributes>
</identifier>
</identifiers>
</Entity>