<?xml version = '1.0' encoding = 'UTF-8'?>
<Entity class="oracle.dbtools.crest.model.design.logical.Entity" directorySegmentName="seg_0" id="877441BE-FF03-F617-7207-291A9E5476B9" name="TOUR">
<createdBy>28776</createdBy>
<createdTime>2022-04-27 03:04:14 UTC</createdTime>
<ownerDesignName>wc_logical</ownerDesignName>
<engineerTo>
<item key="7C2ED89B-D414-088F-1408-CAACDE981B5F" value="true"/>
</engineerTo>
<adequatelyNormalized>NO</adequatelyNormalized>
<expectedVolumes>0</expectedVolumes>
<fwdEngineeringStrategyName>Single Table</fwdEngineeringStrategyName>
<growthPercent>0</growthPercent>
<growthType>Year</growthType>
<maxVolumes>9999999</maxVolumes>
<minVolumes>0</minVolumes>
<normalForm>Third</normalForm>
<attributes itemClass="oracle.dbtools.crest.model.design.logical.Attribute">
<Attribute name="tour_no" id="AF8F4147-A272-13DB-0D8E-EE0912AADB34">
<createdBy>28776</createdBy>
<createdTime>2022-04-27 16:58:04 UTC</createdTime>
<commentInRDBMS><![CDATA[the tour number]]></commentInRDBMS>
<ownerDesignName>wc_logical</ownerDesignName>
<engineerTo>
<item key="7C2ED89B-D414-088F-1408-CAACDE981B5F" value="true"/>
</engineerTo>
<useDomainConstraints>false</useDomainConstraints>
<use>1</use>
<logicalDatatype>LOGDT019</logicalDatatype>
<dataTypePrecision>9</dataTypePrecision>
<ownDataTypeParameters>,9,</ownDataTypeParameters>
</Attribute>
<Attribute name="tour_name" id="0B3D080D-BB60-042E-C344-FDC96FA94B7D">
<createdBy>28776</createdBy>
<createdTime>2022-04-27 16:58:34 UTC</createdTime>
<commentInRDBMS><![CDATA[the tour name]]></commentInRDBMS>
<ownerDesignName>wc_logical</ownerDesignName>
<engineerTo>
<item key="7C2ED89B-D414-088F-1408-CAACDE981B5F" value="true"/>
</engineerTo>
<useDomainConstraints>false</useDomainConstraints>
<use>1</use>
<logicalDatatype>LOGDT024</logicalDatatype>
<dataTypeSize>50</dataTypeSize>
<ownDataTypeParameters>50,,</ownDataTypeParameters>
</Attribute>
<Attribute name="tour_desc" id="0E77C9D8-DD3F-E558-36AE-DBA9BDDF4B4C">
<createdBy>28776</createdBy>
<createdTime>2022-04-27 16:58:45 UTC</createdTime>
<commentInRDBMS><![CDATA[tour description]]></commentInRDBMS>
<ownerDesignName>wc_logical</ownerDesignName>
<engineerTo>
<item key="7C2ED89B-D414-088F-1408-CAACDE981B5F" value="true"/>
</engineerTo>
<useDomainConstraints>false</useDomainConstraints>
<use>1</use>
<logicalDatatype>LOGDT024</logicalDatatype>
<dataTypeSize>50</dataTypeSize>
<ownDataTypeParameters>50,,</ownDataTypeParameters>
</Attribute>
<Attribute name="tour_hours_requ" id="63A6CF53-2D20-6FED-78FE-6C10700962A8">
<createdBy>28776</createdBy>
<createdTime>2022-04-27 16:59:22 UTC</createdTime>
<commentInRDBMS><![CDATA[tour hour requirement]]></commentInRDBMS>
<ownerDesignName>wc_logical</ownerDesignName>
<engineerTo>
<item key="7C2ED89B-D414-088F-1408-CAACDE981B5F" value="true"/>
</engineerTo>
<useDomainConstraints>false</useDomainConstraints>
<use>1</use>
<logicalDatatype>LOGDT024</logicalDatatype>
<dataTypeSize>50</dataTypeSize>
<ownDataTypeParameters>50,,</ownDataTypeParameters>
</Attribute>
<Attribute name="tour_cost" id="DA838ECD-F369-8DAC-8141-32EC0A239136">
<createdBy>28776</createdBy>
<createdTime>2022-04-27 17:01:07 UTC</createdTime>
<commentInRDBMS><![CDATA[tour cost per person]]></commentInRDBMS>
<ownerDesignName>wc_logical</ownerDesignName>
<engineerTo>
<item key="7C2ED89B-D414-088F-1408-CAACDE981B5F" value="true"/>
</engineerTo>
<useDomainConstraints>false</useDomainConstraints>
<use>1</use>
<logicalDatatype>LOGDT024</logicalDatatype>
<dataTypeSize>50</dataTypeSize>
<ownDataTypeParameters>50,,</ownDataTypeParameters>
</Attribute>
<Attribute name="tour_wheel_chair" id="4172511C-47FF-38D7-110F-17AB47AD7D9F">
<createdBy>28776</createdBy>
<createdTime>2022-04-27 17:02:16 UTC</createdTime>
<commentInRDBMS><![CDATA[tour wheelchair access]]></commentInRDBMS>
<ownerDesignName>wc_logical</ownerDesignName>
<engineerTo>
<item key="7C2ED89B-D414-088F-1408-CAACDE981B5F" value="true"/>
</engineerTo>
<useDomainConstraints>false</useDomainConstraints>
<use>1</use>
<logicalDatatype>LOGDT024</logicalDatatype>
<dataTypeSize>50</dataTypeSize>
<ownDataTypeParameters>50,,</ownDataTypeParameters>
</Attribute>
<Attribute name="tour_avai" id="FBD7DE9E-947D-8DD6-EE44-1596DCD1E84E">
<createdBy>28776</createdBy>
<createdTime>2022-04-27 17:02:36 UTC</createdTime>
<commentInRDBMS><![CDATA[tour availibility]]></commentInRDBMS>
<ownerDesignName>wc_logical</ownerDesignName>
<engineerTo>
<item key="7C2ED89B-D414-088F-1408-CAACDE981B5F" value="true"/>
</engineerTo>
<useDomainConstraints>false</useDomainConstraints>
<use>1</use>
<logicalDatatype>LOGDT024</logicalDatatype>
<dataTypeSize>50</dataTypeSize>
<ownDataTypeParameters>50,,</ownDataTypeParameters>
</Attribute>
<Attribute name="tour_start_time" id="C1B4DEC8-820B-1392-EE81-37B04647581D">
<createdBy>28776</createdBy>
<createdTime>2022-04-27 17:02:53 UTC</createdTime>
<commentInRDBMS><![CDATA[tour start time]]></commentInRDBMS>
<ownerDesignName>wc_logical</ownerDesignName>
<engineerTo>
<item key="7C2ED89B-D414-088F-1408-CAACDE981B5F" value="true"/>
</engineerTo>
<useDomainConstraints>false</useDomainConstraints>
<use>1</use>
<logicalDatatype>LOGDT024</logicalDatatype>
<dataTypeSize>50</dataTypeSize>
<ownDataTypeParameters>50,,</ownDataTypeParameters>
</Attribute>
</attributes>
<identifiers itemClass="oracle.dbtools.crest.model.design.logical.CandidateKey">
<identifier id="FEC74AFD-E483-63D0-9A82-5BABA0089E2C" name="TOUR PK">
<createdBy>28776</createdBy>
<createdTime>2022-04-27 16:58:30 UTC</createdTime>
<ownerDesignName>wc_logical</ownerDesignName>
<shouldEngineer>false</shouldEngineer>
<engineerTo>
<item key="7C2ED89B-D414-088F-1408-CAACDE981B5F" value="false"/>
</engineerTo>
<pk>true</pk>
<usedAttributes>
<attributeRef>AF8F4147-A272-13DB-0D8E-EE0912AADB34</attributeRef>
</usedAttributes>
</identifier>
</identifiers>
</Entity>