<?xml version = '1.0' encoding = 'UTF-8'?>
<Entity class="oracle.dbtools.crest.model.design.logical.Entity" directorySegmentName="seg_0" id="9C4ACE50-044F-B780-EDEB-0A094B8E9850" name="SHIP">
<createdBy>28776</createdBy>
<createdTime>2022-04-26 12:40:46 UTC</createdTime>
<ownerDesignName>wc_logical</ownerDesignName>
<engineerTo>
<item key="7C2ED89B-D414-088F-1408-CAACDE981B5F" value="true"/>
</engineerTo>
<adequatelyNormalized>NO</adequatelyNormalized>
<expectedVolumes>0</expectedVolumes>
<fwdEngineeringStrategyName>Single Table</fwdEngineeringStrategyName>
<growthPercent>0</growthPercent>
<growthType>Year</growthType>
<maxVolumes>9999999</maxVolumes>
<minVolumes>0</minVolumes>
<normalForm>Third</normalForm>
<attributes itemClass="oracle.dbtools.crest.model.design.logical.Attribute">
<Attribute name="ship_code" id="7504B0C5-4518-FC88-E65F-021329F4E867">
<createdBy>28776</createdBy>
<createdTime>2022-04-26 12:41:15 UTC</createdTime>
<commentInRDBMS><![CDATA[the code of ship]]></commentInRDBMS>
<ownerDesignName>wc_logical</ownerDesignName>
<engineerTo>
<item key="7C2ED89B-D414-088F-1408-CAACDE981B5F" value="true"/>
</engineerTo>
<useDomainConstraints>false</useDomainConstraints>
<use>1</use>
<logicalDatatype>LOGDT019</logicalDatatype>
<dataTypePrecision>9</dataTypePrecision>
<ownDataTypeParameters>,9,</ownDataTypeParameters>
</Attribute>
<Attribute name="ship_name" id="DA4AA88B-E102-3014-1EA2-ED64C73F9786">
<createdBy>28776</createdBy>
<createdTime>2022-04-26 12:41:32 UTC</createdTime>
<commentInRDBMS><![CDATA[the name of ship]]></commentInRDBMS>
<ownerDesignName>wc_logical</ownerDesignName>
<engineerTo>
<item key="7C2ED89B-D414-088F-1408-CAACDE981B5F" value="true"/>
</engineerTo>
<useDomainConstraints>false</useDomainConstraints>
<use>1</use>
<logicalDatatype>LOGDT024</logicalDatatype>
<dataTypeSize>50</dataTypeSize>
<ownDataTypeParameters>50,,</ownDataTypeParameters>
</Attribute>
<Attribute name="ship_commission_date" id="471C5936-5B4B-2413-EBC0-E3A54527A4FA">
<createdBy>28776</createdBy>
<createdTime>2022-04-26 12:41:48 UTC</createdTime>
<commentInRDBMS><![CDATA[the commission date of ship
]]></commentInRDBMS>
<ownerDesignName>wc_logical</ownerDesignName>
<engineerTo>
<item key="7C2ED89B-D414-088F-1408-CAACDE981B5F" value="true"/>
</engineerTo>
<useDomainConstraints>false</useDomainConstraints>
<use>1</use>
<logicalDatatype>LOGDT024</logicalDatatype>
<dataTypeSize>50</dataTypeSize>
<ownDataTypeParameters>50,,</ownDataTypeParameters>
</Attribute>
<Attribute name="ship_tonnage" id="B6A80A07-22D9-474D-DAC7-FD2C647E7D86">
<createdBy>28776</createdBy>
<createdTime>2022-04-26 13:01:20 UTC</createdTime>
<commentInRDBMS><![CDATA[the tonnage of ship]]></commentInRDBMS>
<ownerDesignName>wc_logical</ownerDesignName>
<engineerTo>
<item key="7C2ED89B-D414-088F-1408-CAACDE981B5F" value="true"/>
</engineerTo>
<useDomainConstraints>false</useDomainConstraints>
<use>1</use>
<logicalDatatype>LOGDT024</logicalDatatype>
<dataTypeSize>50</dataTypeSize>
<ownDataTypeParameters>50,,</ownDataTypeParameters>
</Attribute>
<Attribute name="ship_capacity" id="0A092F52-4B05-56A3-67CC-9EE83A792FAE">
<createdBy>28776</createdBy>
<createdTime>2022-04-26 13:04:38 UTC</createdTime>
<commentInRDBMS><![CDATA[the max capacity of ship]]></commentInRDBMS>
<ownerDesignName>wc_logical</ownerDesignName>
<engineerTo>
<item key="7C2ED89B-D414-088F-1408-CAACDE981B5F" value="true"/>
</engineerTo>
<useDomainConstraints>false</useDomainConstraints>
<use>1</use>
<logicalDatatype>LOGDT024</logicalDatatype>
<dataTypeSize>50</dataTypeSize>
<ownDataTypeParameters>50,,</ownDataTypeParameters>
</Attribute>
<Attribute name="ship_registered_country" id="B72BA230-C2D3-EFD5-B140-83687DD82BF0">
<createdBy>28776</createdBy>
<createdTime>2022-04-26 13:05:14 UTC</createdTime>
<commentInRDBMS><![CDATA[the registered country of ship]]></commentInRDBMS>
<ownerDesignName>wc_logical</ownerDesignName>
<engineerTo>
<item key="7C2ED89B-D414-088F-1408-CAACDE981B5F" value="true"/>
</engineerTo>
<useDomainConstraints>false</useDomainConstraints>
<use>1</use>
<logicalDatatype>LOGDT024</logicalDatatype>
<dataTypeSize>50</dataTypeSize>
<ownDataTypeParameters>50,,</ownDataTypeParameters>
</Attribute>
<Attribute name="operator_id" id="D3CE2F67-4675-AE0A-798C-0B03767D0794">
<createdBy>28776</createdBy>
<createdTime>2022-04-27 06:58:55 UTC</createdTime>
<commentInRDBMS><![CDATA[the id of operator]]></commentInRDBMS>
<generatorID>E3A7A3CF-4DA7-BE5A-09D6-6097C63C9951</generatorID>
<ownerDesignName>wc_logical</ownerDesignName>
<engineerTo>
<item key="7C2ED89B-D414-088F-1408-CAACDE981B5F" value="true"/>
</engineerTo>
<referedAttribute>41264EAC-D7F8-6C7D-0159-86222BEC0F8C</referedAttribute>
<useDomainConstraints>false</useDomainConstraints>
<use>1</use>
<logicalDatatype>LOGDT019</logicalDatatype>
<dataTypePrecision>9</dataTypePrecision>
<ownDataTypeParameters>,9,</ownDataTypeParameters>
</Attribute>
</attributes>
<identifiers itemClass="oracle.dbtools.crest.model.design.logical.CandidateKey">
<identifier id="23394CCF-9A46-4C26-BD92-8408F73CA861" name="SHIP PK">
<createdBy>28776</createdBy>
<createdTime>2022-04-27 06:16:32 UTC</createdTime>
<ownerDesignName>wc_logical</ownerDesignName>
<shouldEngineer>false</shouldEngineer>
<engineerTo>
<item key="7C2ED89B-D414-088F-1408-CAACDE981B5F" value="false"/>
</engineerTo>
<pk>true</pk>
<usedAttributes>
<attributeRef>7504B0C5-4518-FC88-E65F-021329F4E867</attributeRef>
</usedAttributes>
</identifier>
</identifiers>
</Entity>