<?xml version = '1.0' encoding = 'UTF-8'?>
<Entity class="oracle.dbtools.crest.model.design.logical.Entity" directorySegmentName="seg_0" id="A37F9206-D645-67B3-E4B2-480DEB9E2A4C" name="CRUISE_PORT">
<createdBy>28776</createdBy>
<createdTime>2022-04-27 02:35:49 UTC</createdTime>
<ownerDesignName>wc_logical</ownerDesignName>
<engineerTo>
<item key="7C2ED89B-D414-088F-1408-CAACDE981B5F" value="true"/>
</engineerTo>
<adequatelyNormalized>NO</adequatelyNormalized>
<expectedVolumes>0</expectedVolumes>
<fwdEngineeringStrategyName>Single Table</fwdEngineeringStrategyName>
<growthPercent>0</growthPercent>
<growthType>Year</growthType>
<maxVolumes>9999999</maxVolumes>
<minVolumes>0</minVolumes>
<normalForm>Third</normalForm>
<attributes itemClass="oracle.dbtools.crest.model.design.logical.Attribute">
<Attribute name="departure_time" id="FFD40461-BE6B-B7E6-5874-411EB72ADE3A">
<createdBy>28776</createdBy>
<createdTime>2022-04-27 02:43:50 UTC</createdTime>
<commentInRDBMS><![CDATA[departure time]]></commentInRDBMS>
<ownerDesignName>wc_logical</ownerDesignName>
<engineerTo>
<item key="7C2ED89B-D414-088F-1408-CAACDE981B5F" value="true"/>
</engineerTo>
<useDomainConstraints>false</useDomainConstraints>
<use>1</use>
<logicalDatatype>LOGDT024</logicalDatatype>
<dataTypeSize>50</dataTypeSize>
<ownDataTypeParameters>50,,</ownDataTypeParameters>
</Attribute>
<Attribute name="arrival_time" id="407029CA-3A93-0A84-A32E-1EF1EB770523">
<createdBy>28776</createdBy>
<createdTime>2022-04-27 02:44:05 UTC</createdTime>
<commentInRDBMS><![CDATA[arrival time]]></commentInRDBMS>
<ownerDesignName>wc_logical</ownerDesignName>
<engineerTo>
<item key="7C2ED89B-D414-088F-1408-CAACDE981B5F" value="true"/>
</engineerTo>
<nullsAllowed>true</nullsAllowed>
<useDomainConstraints>false</useDomainConstraints>
<use>1</use>
<logicalDatatype>LOGDT024</logicalDatatype>
<dataTypeSize>50</dataTypeSize>
<ownDataTypeParameters>50,,</ownDataTypeParameters>
</Attribute>
<Attribute name="port_code" id="B4654011-ACB8-61C4-6166-C324EFCC466F">
<createdBy>28776</createdBy>
<createdTime>2022-04-27 08:30:36 UTC</createdTime>
<commentInRDBMS><![CDATA[port code]]></commentInRDBMS>
<generatorID>0D70143A-A117-2C9C-2FB1-2C95E86F7E94</generatorID>
<ownerDesignName>wc_logical</ownerDesignName>
<engineerTo>
<item key="7C2ED89B-D414-088F-1408-CAACDE981B5F" value="true"/>
</engineerTo>
<referedAttribute>279D05E3-D1BE-2881-439D-C3B7DF5CE46F</referedAttribute>
<useDomainConstraints>false</useDomainConstraints>
<use>1</use>
<logicalDatatype>LOGDT024</logicalDatatype>
<dataTypeSize>50</dataTypeSize>
<ownDataTypeParameters>50,,</ownDataTypeParameters>
</Attribute>
<Attribute name="cruise_id" id="8CE9D3FE-E719-1312-048C-40CBAF21D987">
<createdBy>28776</createdBy>
<createdTime>2022-04-27 08:32:12 UTC</createdTime>
<commentInRDBMS><![CDATA[cruise id]]></commentInRDBMS>
<generatorID>C1380422-78D1-0095-22C2-C01F9500550F</generatorID>
<ownerDesignName>wc_logical</ownerDesignName>
<engineerTo>
<item key="7C2ED89B-D414-088F-1408-CAACDE981B5F" value="true"/>
</engineerTo>
<referedAttribute>9A70075D-A89A-16CB-7B30-94CA1F184B19</referedAttribute>
<useDomainConstraints>false</useDomainConstraints>
<use>1</use>
<logicalDatatype>LOGDT019</logicalDatatype>
<dataTypePrecision>9</dataTypePrecision>
<ownDataTypeParameters>,9,</ownDataTypeParameters>
</Attribute>
<Attribute name="cruise_name" id="84B7B221-4555-B388-18AF-739CBDC80992">
<createdBy>28776</createdBy>
<createdTime>2022-04-27 08:32:12 UTC</createdTime>
<commentInRDBMS><![CDATA[cruise name]]></commentInRDBMS>
<generatorID>C1380422-78D1-0095-22C2-C01F9500550F</generatorID>
<ownerDesignName>wc_logical</ownerDesignName>
<engineerTo>
<item key="7C2ED89B-D414-088F-1408-CAACDE981B5F" value="true"/>
</engineerTo>
<referedAttribute>59E98691-C84D-E316-E61D-252D22266351</referedAttribute>
<useDomainConstraints>false</useDomainConstraints>
<use>1</use>
<logicalDatatype>LOGDT024</logicalDatatype>
<dataTypeSize>50</dataTypeSize>
<ownDataTypeParameters>50,,</ownDataTypeParameters>
</Attribute>
</attributes>
<identifiers itemClass="oracle.dbtools.crest.model.design.logical.CandidateKey">
<identifier id="59051B12-2863-4600-212F-75978B404DF7" name="CRUISE_PORT PK">
<createdBy>28776</createdBy>
<createdTime>2022-04-27 07:28:36 UTC</createdTime>
<ownerDesignName>wc_logical</ownerDesignName>
<shouldEngineer>false</shouldEngineer>
<engineerTo>
<item key="7C2ED89B-D414-088F-1408-CAACDE981B5F" value="false"/>
</engineerTo>
<pk>true</pk>
<usedAttributes>
<attributeRef>FFD40461-BE6B-B7E6-5874-411EB72ADE3A</attributeRef>
<attributeRef>B4654011-ACB8-61C4-6166-C324EFCC466F</attributeRef>
<attributeRef>8CE9D3FE-E719-1312-048C-40CBAF21D987</attributeRef>
<attributeRef>84B7B221-4555-B388-18AF-739CBDC80992</attributeRef>
</usedAttributes>
</identifier>
</identifiers>
</Entity>