<?xml version = '1.0' encoding = 'UTF-8'?>
<Entity class="oracle.dbtools.crest.model.design.logical.Entity" directorySegmentName="seg_0" id="BBF47040-189A-BA84-B6FE-45515D8F7234" name="LANUGE">
<createdBy>28776</createdBy>
<createdTime>2022-04-27 17:54:35 UTC</createdTime>
<ownerDesignName>wc_logical</ownerDesignName>
<engineerTo>
<item key="7C2ED89B-D414-088F-1408-CAACDE981B5F" value="true"/>
</engineerTo>
<adequatelyNormalized>NO</adequatelyNormalized>
<expectedVolumes>0</expectedVolumes>
<fwdEngineeringStrategyName>Single Table</fwdEngineeringStrategyName>
<growthPercent>0</growthPercent>
<growthType>Year</growthType>
<maxVolumes>9999999</maxVolumes>
<minVolumes>0</minVolumes>
<normalForm>Third</normalForm>
<attributes itemClass="oracle.dbtools.crest.model.design.logical.Attribute">
<Attribute name="commentary_languages" id="E3E1C83E-7FFB-90D5-5611-C0F26350747F">
<createdBy>28776</createdBy>
<createdTime>2022-04-27 18:27:43 UTC</createdTime>
<commentInRDBMS><![CDATA[the commentary languages of tour]]></commentInRDBMS>
<ownerDesignName>wc_logical</ownerDesignName>
<engineerTo>
<item key="7C2ED89B-D414-088F-1408-CAACDE981B5F" value="true"/>
</engineerTo>
<useDomainConstraints>false</useDomainConstraints>
<use>1</use>
<logicalDatatype>LOGDT024</logicalDatatype>
<dataTypeSize>50</dataTypeSize>
<ownDataTypeParameters>50,,</ownDataTypeParameters>
</Attribute>
<Attribute name="passedger_id" id="8AC28D23-A9AE-2E28-B4EB-64F47C4C1EB0">
<createdBy>28776</createdBy>
<createdTime>2022-04-27 18:23:52 UTC</createdTime>
<commentInRDBMS><![CDATA[passedger id]]></commentInRDBMS>
<generatorID>7F97E0A1-C667-80E8-0EEE-05E58D630286</generatorID>
<ownerDesignName>wc_logical</ownerDesignName>
<engineerTo>
<item key="7C2ED89B-D414-088F-1408-CAACDE981B5F" value="true"/>
</engineerTo>
<referedAttribute>A08EA09F-8B14-74A9-BD06-1FFF2CA4AB95</referedAttribute>
<useDomainConstraints>false</useDomainConstraints>
<use>1</use>
<logicalDatatype>LOGDT019</logicalDatatype>
<dataTypePrecision>9</dataTypePrecision>
<ownDataTypeParameters>,9,</ownDataTypeParameters>
</Attribute>
</attributes>
<identifiers itemClass="oracle.dbtools.crest.model.design.logical.CandidateKey">
<identifier id="20B1FF2F-E90D-F6D9-D686-B1A3F8A57F56" name="LUNGE PK">
<createdBy>28776</createdBy>
<createdTime>2022-04-27 18:23:52 UTC</createdTime>
<ownerDesignName>wc_logical</ownerDesignName>
<shouldEngineer>false</shouldEngineer>
<engineerTo>
<item key="7C2ED89B-D414-088F-1408-CAACDE981B5F" value="false"/>
</engineerTo>
<pk>true</pk>
<usedAttributes>
<attributeRef>8AC28D23-A9AE-2E28-B4EB-64F47C4C1EB0</attributeRef>
<attributeRef>E3E1C83E-7FFB-90D5-5611-C0F26350747F</attributeRef>
</usedAttributes>
</identifier>
</identifiers>
</Entity>