<?xml version = '1.0' encoding = 'UTF-8'?>
<Entity class="oracle.dbtools.crest.model.design.logical.Entity" directorySegmentName="seg_0" id="CAB1F06A-A330-7233-C92A-079DAD25BD2B" name="TOUR_PARTICIPANT">
<createdBy>28776</createdBy>
<createdTime>2022-04-27 17:29:10 UTC</createdTime>
<ownerDesignName>wc_logical</ownerDesignName>
<engineerTo>
<item key="7C2ED89B-D414-088F-1408-CAACDE981B5F" value="true"/>
</engineerTo>
<adequatelyNormalized>NO</adequatelyNormalized>
<expectedVolumes>0</expectedVolumes>
<fwdEngineeringStrategyName>Single Table</fwdEngineeringStrategyName>
<growthPercent>0</growthPercent>
<growthType>Year</growthType>
<maxVolumes>9999999</maxVolumes>
<minVolumes>0</minVolumes>
<normalForm>Third</normalForm>
<attributes itemClass="oracle.dbtools.crest.model.design.logical.Attribute">
<Attribute name="tour_participant_id" id="4675566F-669A-611F-3337-91428DCA264A">
<createdBy>28776</createdBy>
<createdTime>2022-04-28 03:38:03 UTC</createdTime>
<commentInRDBMS><![CDATA[tour participant id]]></commentInRDBMS>
<ownerDesignName>wc_logical</ownerDesignName>
<engineerTo>
<item key="7C2ED89B-D414-088F-1408-CAACDE981B5F" value="true"/>
</engineerTo>
<useDomainConstraints>false</useDomainConstraints>
<use>1</use>
<logicalDatatype>LOGDT024</logicalDatatype>
<dataTypeSize>50</dataTypeSize>
<ownDataTypeParameters>50,,</ownDataTypeParameters>
</Attribute>
<Attribute name="pay_rece" id="A8A7697F-45CD-E2A4-18A2-5AC0F169072D">
<createdBy>28776</createdBy>
<createdTime>2022-04-27 18:00:51 UTC</createdTime>
<commentInRDBMS><![CDATA[the payment received]]></commentInRDBMS>
<ownerDesignName>wc_logical</ownerDesignName>
<engineerTo>
<item key="7C2ED89B-D414-088F-1408-CAACDE981B5F" value="true"/>
</engineerTo>
<useDomainConstraints>false</useDomainConstraints>
<use>1</use>
<logicalDatatype>LOGDT024</logicalDatatype>
<dataTypeSize>50</dataTypeSize>
<ownDataTypeParameters>50,,</ownDataTypeParameters>
</Attribute>
<Attribute name="tour_date" id="2CA8827F-329A-AF12-C877-E559987646B3">
<createdBy>28776</createdBy>
<createdTime>2022-04-27 18:03:40 UTC</createdTime>
<commentInRDBMS><![CDATA[tour date]]></commentInRDBMS>
<generatorID>760B92E6-3581-08F2-2A4E-2399252B98DE</generatorID>
<ownerDesignName>wc_logical</ownerDesignName>
<engineerTo>
<item key="7C2ED89B-D414-088F-1408-CAACDE981B5F" value="true"/>
</engineerTo>
<referedAttribute>07561C6B-EA36-692A-B910-136B26147ED9</referedAttribute>
<useDomainConstraints>false</useDomainConstraints>
<use>1</use>
<logicalDatatype>LOGDT007</logicalDatatype>
<ownDataTypeParameters>,,</ownDataTypeParameters>
</Attribute>
<Attribute name="tour_no" id="3708858D-0234-596B-715A-7EE19DB8D54A">
<createdBy>28776</createdBy>
<createdTime>2022-04-27 18:03:40 UTC</createdTime>
<commentInRDBMS><![CDATA[the tour number]]></commentInRDBMS>
<generatorID>760B92E6-3581-08F2-2A4E-2399252B98DE</generatorID>
<ownerDesignName>wc_logical</ownerDesignName>
<engineerTo>
<item key="7C2ED89B-D414-088F-1408-CAACDE981B5F" value="true"/>
</engineerTo>
<referedAttribute>8AB3F78E-5E18-403A-7B7C-2645B7A4CC72</referedAttribute>
<useDomainConstraints>false</useDomainConstraints>
<use>1</use>
<logicalDatatype>LOGDT019</logicalDatatype>
<dataTypePrecision>9</dataTypePrecision>
<ownDataTypeParameters>,,</ownDataTypeParameters>
</Attribute>
<Attribute name="cruise_id" id="7367C8D1-1EA9-6749-769A-A82CFFB989C6">
<createdBy>28776</createdBy>
<createdTime>2022-04-27 18:04:37 UTC</createdTime>
<commentInRDBMS><![CDATA[cruise id]]></commentInRDBMS>
<generatorID>5EBDE7A1-019D-25B1-35CD-FBFAF975D6BD</generatorID>
<ownerDesignName>wc_logical</ownerDesignName>
<engineerTo>
<item key="7C2ED89B-D414-088F-1408-CAACDE981B5F" value="true"/>
</engineerTo>
<referedAttribute>9A70075D-A89A-16CB-7B30-94CA1F184B19</referedAttribute>
<useDomainConstraints>false</useDomainConstraints>
<use>1</use>
<logicalDatatype>LOGDT019</logicalDatatype>
<dataTypePrecision>9</dataTypePrecision>
<ownDataTypeParameters>,,</ownDataTypeParameters>
</Attribute>
<Attribute name="cruise_name" id="2C032788-A321-EF4F-A9CE-C50769D6AD0D">
<createdBy>28776</createdBy>
<createdTime>2022-04-27 18:04:37 UTC</createdTime>
<commentInRDBMS><![CDATA[cruise name]]></commentInRDBMS>
<generatorID>5EBDE7A1-019D-25B1-35CD-FBFAF975D6BD</generatorID>
<ownerDesignName>wc_logical</ownerDesignName>
<engineerTo>
<item key="7C2ED89B-D414-088F-1408-CAACDE981B5F" value="true"/>
</engineerTo>
<referedAttribute>59E98691-C84D-E316-E61D-252D22266351</referedAttribute>
<useDomainConstraints>false</useDomainConstraints>
<use>1</use>
<logicalDatatype>LOGDT024</logicalDatatype>
<dataTypeSize>50</dataTypeSize>
<ownDataTypeParameters>,,</ownDataTypeParameters>
</Attribute>
<Attribute name="passedger_id" id="B19DCFC8-DC78-3941-AA31-43A1CE8A2DFC">
<createdBy>28776</createdBy>
<createdTime>2022-04-27 18:06:42 UTC</createdTime>
<commentInRDBMS><![CDATA[passedger id]]></commentInRDBMS>
<generatorID>958FBD69-D80B-A558-C244-DA8042BC3E58</generatorID>
<ownerDesignName>wc_logical</ownerDesignName>
<engineerTo>
<item key="7C2ED89B-D414-088F-1408-CAACDE981B5F" value="true"/>
</engineerTo>
<referedAttribute>A08EA09F-8B14-74A9-BD06-1FFF2CA4AB95</referedAttribute>
<useDomainConstraints>false</useDomainConstraints>
<use>1</use>
<logicalDatatype>LOGDT019</logicalDatatype>
<dataTypePrecision>9</dataTypePrecision>
<ownDataTypeParameters>,,</ownDataTypeParameters>
</Attribute>
</attributes>
<identifiers itemClass="oracle.dbtools.crest.model.design.logical.CandidateKey">
<identifier id="A5BA42EF-DFBF-5154-A8A2-69CB5EAAC428" name="TOUR_PARTICIPANT PK">
<createdBy>28776</createdBy>
<createdTime>2022-04-27 18:07:28 UTC</createdTime>
<ownerDesignName>wc_logical</ownerDesignName>
<shouldEngineer>false</shouldEngineer>
<engineerTo>
<item key="7C2ED89B-D414-088F-1408-CAACDE981B5F" value="false"/>
</engineerTo>
<pk>true</pk>
<usedAttributes>
<attributeRef>4675566F-669A-611F-3337-91428DCA264A</attributeRef>
</usedAttributes>
</identifier>
</identifiers>
</Entity>