<?xml version = '1.0' encoding = 'UTF-8'?>
<Entity class="oracle.dbtools.crest.model.design.logical.Entity" directorySegmentName="seg_0" id="CBB3484A-3BE8-BA01-0408-E5C060638DEE" name="PORT_TEMP">
<createdBy>28776</createdBy>
<createdTime>2022-04-27 17:06:31 UTC</createdTime>
<ownerDesignName>wc_logical</ownerDesignName>
<engineerTo>
<item key="7C2ED89B-D414-088F-1408-CAACDE981B5F" value="true"/>
</engineerTo>
<adequatelyNormalized>NO</adequatelyNormalized>
<expectedVolumes>0</expectedVolumes>
<fwdEngineeringStrategyName>Single Table</fwdEngineeringStrategyName>
<growthPercent>0</growthPercent>
<growthType>Year</growthType>
<maxVolumes>9999999</maxVolumes>
<minVolumes>0</minVolumes>
<normalForm>Third</normalForm>
<attributes itemClass="oracle.dbtools.crest.model.design.logical.Attribute">
<Attribute name="port_month" id="C2E25A97-9942-FE00-6968-E26947DE88F7">
<createdBy>28776</createdBy>
<createdTime>2022-04-27 17:06:51 UTC</createdTime>
<commentInRDBMS><![CDATA[the port month]]></commentInRDBMS>
<ownerDesignName>wc_logical</ownerDesignName>
<engineerTo>
<item key="7C2ED89B-D414-088F-1408-CAACDE981B5F" value="true"/>
</engineerTo>
<useDomainConstraints>false</useDomainConstraints>
<use>1</use>
<logicalDatatype>LOGDT019</logicalDatatype>
<dataTypePrecision>12</dataTypePrecision>
<ownDataTypeParameters>,12,</ownDataTypeParameters>
</Attribute>
<Attribute name="port_aver_hight" id="87984900-F27F-2A43-EF31-4B9A3C2680E4">
<createdBy>28776</createdBy>
<createdTime>2022-04-27 17:08:11 UTC</createdTime>
<commentInRDBMS><![CDATA[the port average hight]]></commentInRDBMS>
<ownerDesignName>wc_logical</ownerDesignName>
<engineerTo>
<item key="7C2ED89B-D414-088F-1408-CAACDE981B5F" value="true"/>
</engineerTo>
<useDomainConstraints>false</useDomainConstraints>
<use>1</use>
<logicalDatatype>LOGDT024</logicalDatatype>
<dataTypeSize>50</dataTypeSize>
<ownDataTypeParameters>50,,</ownDataTypeParameters>
</Attribute>
<Attribute name="port_aver_low" id="3E8D9C23-6293-A7E0-DA9C-DA211047FCA0">
<createdBy>28776</createdBy>
<createdTime>2022-04-27 17:08:41 UTC</createdTime>
<commentInRDBMS><![CDATA[the port average low]]></commentInRDBMS>
<ownerDesignName>wc_logical</ownerDesignName>
<engineerTo>
<item key="7C2ED89B-D414-088F-1408-CAACDE981B5F" value="true"/>
</engineerTo>
<useDomainConstraints>false</useDomainConstraints>
<use>1</use>
<logicalDatatype>LOGDT024</logicalDatatype>
<dataTypeSize>50</dataTypeSize>
<ownDataTypeParameters>50,,</ownDataTypeParameters>
</Attribute>
<Attribute name="port_code" id="A4245CE8-D1A9-9D1F-20D1-3D1F8D561279">
<createdBy>28776</createdBy>
<createdTime>2022-04-27 17:44:27 UTC</createdTime>
<commentInRDBMS><![CDATA[port code]]></commentInRDBMS>
<generatorID>4A0D1C0A-763A-D8C6-F540-27AF404FBC5D</generatorID>
<ownerDesignName>wc_logical</ownerDesignName>
<engineerTo>
<item key="7C2ED89B-D414-088F-1408-CAACDE981B5F" value="true"/>
</engineerTo>
<nullsAllowed>true</nullsAllowed>
<referedAttribute>279D05E3-D1BE-2881-439D-C3B7DF5CE46F</referedAttribute>
<useDomainConstraints>false</useDomainConstraints>
<use>1</use>
<logicalDatatype>LOGDT024</logicalDatatype>
<dataTypeSize>50</dataTypeSize>
<ownDataTypeParameters>50,,</ownDataTypeParameters>
</Attribute>
</attributes>
<identifiers itemClass="oracle.dbtools.crest.model.design.logical.CandidateKey">
<identifier id="928746FF-F4FD-A586-6276-ADDF62444317" name="PORT_TEMP PK">
<createdBy>28776</createdBy>
<createdTime>2022-04-27 17:08:02 UTC</createdTime>
<ownerDesignName>wc_logical</ownerDesignName>
<shouldEngineer>false</shouldEngineer>
<engineerTo>
<item key="7C2ED89B-D414-088F-1408-CAACDE981B5F" value="false"/>
</engineerTo>
<pk>true</pk>
<usedAttributes>
<attributeRef>C2E25A97-9942-FE00-6968-E26947DE88F7</attributeRef>
</usedAttributes>
</identifier>
</identifiers>
</Entity>