<?xml version = '1.0' encoding = 'UTF-8'?>
<Entity class="oracle.dbtools.crest.model.design.logical.Entity" directorySegmentName="seg_0" id="DFDBA712-DC6C-2FC2-8D5A-2F2A1C246EB4" name="CABIN">
<createdBy>28776</createdBy>
<createdTime>2022-04-27 02:30:37 UTC</createdTime>
<ownerDesignName>wc_logical</ownerDesignName>
<engineerTo>
<item key="7C2ED89B-D414-088F-1408-CAACDE981B5F" value="true"/>
</engineerTo>
<adequatelyNormalized>NO</adequatelyNormalized>
<expectedVolumes>0</expectedVolumes>
<fwdEngineeringStrategyName>Single Table</fwdEngineeringStrategyName>
<growthPercent>0</growthPercent>
<growthType>Year</growthType>
<maxVolumes>9999999</maxVolumes>
<minVolumes>0</minVolumes>
<normalForm>Third</normalForm>
<attributes itemClass="oracle.dbtools.crest.model.design.logical.Attribute">
<Attribute name="cabin_number" id="C189494B-F87D-4752-1F4C-DD484EE3529B">
<createdBy>28776</createdBy>
<createdTime>2022-04-27 02:30:48 UTC</createdTime>
<commentInRDBMS><![CDATA[cabin number]]></commentInRDBMS>
<ownerDesignName>wc_logical</ownerDesignName>
<engineerTo>
<item key="7C2ED89B-D414-088F-1408-CAACDE981B5F" value="true"/>
</engineerTo>
<useDomainConstraints>false</useDomainConstraints>
<use>1</use>
<logicalDatatype>LOGDT019</logicalDatatype>
<dataTypePrecision>9</dataTypePrecision>
<ownDataTypeParameters>,9,</ownDataTypeParameters>
</Attribute>
<Attribute name="cabin_capacity" id="B205B5B3-15CE-C88D-2978-533FE3A03FB2">
<createdBy>28776</createdBy>
<createdTime>2022-04-27 02:31:20 UTC</createdTime>
<commentInRDBMS><![CDATA[cabin capacity]]></commentInRDBMS>
<ownerDesignName>wc_logical</ownerDesignName>
<engineerTo>
<item key="7C2ED89B-D414-088F-1408-CAACDE981B5F" value="true"/>
</engineerTo>
<useDomainConstraints>false</useDomainConstraints>
<use>1</use>
<logicalDatatype>LOGDT024</logicalDatatype>
<dataTypeSize>50</dataTypeSize>
<ownDataTypeParameters>50,,</ownDataTypeParameters>
</Attribute>
<Attribute name="cabin_class" id="1F81E96A-C22E-7FA3-30C9-C7A00F681F38">
<createdBy>28776</createdBy>
<createdTime>2022-04-27 02:31:40 UTC</createdTime>
<commentInRDBMS><![CDATA[cabin class]]></commentInRDBMS>
<ownerDesignName>wc_logical</ownerDesignName>
<engineerTo>
<item key="7C2ED89B-D414-088F-1408-CAACDE981B5F" value="true"/>
</engineerTo>
<useDomainConstraints>false</useDomainConstraints>
<use>1</use>
<logicalDatatype>LOGDT024</logicalDatatype>
<dataTypeSize>50</dataTypeSize>
<ownDataTypeParameters>50,,</ownDataTypeParameters>
</Attribute>
<Attribute name="ship_code" id="ED6C55C5-99DC-B7A5-5311-74AC12D19181">
<createdBy>28776</createdBy>
<createdTime>2022-04-27 08:29:14 UTC</createdTime>
<commentInRDBMS><![CDATA[the code of ship]]></commentInRDBMS>
<generatorID>08EE4908-0FC7-9045-1B4C-CC26D7E29E33</generatorID>
<ownerDesignName>wc_logical</ownerDesignName>
<engineerTo>
<item key="7C2ED89B-D414-088F-1408-CAACDE981B5F" value="true"/>
</engineerTo>
<referedAttribute>7504B0C5-4518-FC88-E65F-021329F4E867</referedAttribute>
<useDomainConstraints>false</useDomainConstraints>
<use>1</use>
<logicalDatatype>LOGDT019</logicalDatatype>
<dataTypePrecision>9</dataTypePrecision>
<ownDataTypeParameters>,9,</ownDataTypeParameters>
</Attribute>
<Attribute name="cabin_cheek" id="BABC8F00-8C8B-660B-B620-DCA262223C80">
<createdBy>28776</createdBy>
<createdTime>2022-04-27 17:22:20 UTC</createdTime>
<commentInRDBMS><![CDATA[cheek interior, coeanview, balcony, suit]]></commentInRDBMS>
<ownerDesignName>wc_logical</ownerDesignName>
<engineerTo>
<item key="7C2ED89B-D414-088F-1408-CAACDE981B5F" value="true"/>
</engineerTo>
<useDomainConstraints>false</useDomainConstraints>
<use>1</use>
<logicalDatatype>LOGDT024</logicalDatatype>
<dataTypeSize>50</dataTypeSize>
<ownDataTypeParameters>50,,</ownDataTypeParameters>
</Attribute>
</attributes>
<identifiers itemClass="oracle.dbtools.crest.model.design.logical.CandidateKey">
<identifier id="0BED4C84-C2EB-44F0-66E9-410D3C26FCF7" name="CABIN PK">
<createdBy>28776</createdBy>
<createdTime>2022-04-27 07:20:15 UTC</createdTime>
<ownerDesignName>wc_logical</ownerDesignName>
<shouldEngineer>false</shouldEngineer>
<engineerTo>
<item key="7C2ED89B-D414-088F-1408-CAACDE981B5F" value="false"/>
</engineerTo>
<pk>true</pk>
<usedAttributes>
<attributeRef>C189494B-F87D-4752-1F4C-DD484EE3529B</attributeRef>
<attributeRef>ED6C55C5-99DC-B7A5-5311-74AC12D19181</attributeRef>
</usedAttributes>
</identifier>
</identifiers>
</Entity>