<?xml version = '1.0' encoding = 'UTF-8'?>
<Entity class="oracle.dbtools.crest.model.design.logical.Entity" directorySegmentName="seg_0" id="EF1F86FC-02E8-F596-FF88-D8CDB0E7CF3E" name="MANIFEST">
<createdBy>28776</createdBy>
<createdTime>2022-04-27 02:36:20 UTC</createdTime>
<ownerDesignName>wc_logical</ownerDesignName>
<engineerTo>
<item key="7C2ED89B-D414-088F-1408-CAACDE981B5F" value="true"/>
</engineerTo>
<adequatelyNormalized>NO</adequatelyNormalized>
<expectedVolumes>0</expectedVolumes>
<fwdEngineeringStrategyName>Single Table</fwdEngineeringStrategyName>
<growthPercent>0</growthPercent>
<growthType>Year</growthType>
<maxVolumes>9999999</maxVolumes>
<minVolumes>0</minVolumes>
<normalForm>Third</normalForm>
<attributes itemClass="oracle.dbtools.crest.model.design.logical.Attribute">
<Attribute name="cabin_number" id="76F58986-4672-E1D1-469D-AA2BDC88B72B">
<createdBy>28776</createdBy>
<createdTime>2022-04-27 02:49:45 UTC</createdTime>
<commentInRDBMS><![CDATA[cabin number]]></commentInRDBMS>
<ownerDesignName>wc_logical</ownerDesignName>
<engineerTo>
<item key="7C2ED89B-D414-088F-1408-CAACDE981B5F" value="true"/>
</engineerTo>
<useDomainConstraints>false</useDomainConstraints>
<use>1</use>
<logicalDatatype>LOGDT019</logicalDatatype>
<dataTypePrecision>9</dataTypePrecision>
<ownDataTypeParameters>,9,</ownDataTypeParameters>
</Attribute>
<Attribute name="board_data" id="1398EFD1-6DB9-93B0-F6F7-BD3EDEFF110B">
<createdBy>28776</createdBy>
<createdTime>2022-04-27 02:49:46 UTC</createdTime>
<commentInRDBMS><![CDATA[board data]]></commentInRDBMS>
<ownerDesignName>wc_logical</ownerDesignName>
<engineerTo>
<item key="7C2ED89B-D414-088F-1408-CAACDE981B5F" value="true"/>
</engineerTo>
<useDomainConstraints>false</useDomainConstraints>
<use>1</use>
<logicalDatatype>LOGDT007</logicalDatatype>
<ownDataTypeParameters>,,</ownDataTypeParameters>
</Attribute>
<Attribute name="cruise_id" id="E4D687B9-6FC8-9818-AEA1-7699E3056D13">
<createdBy>28776</createdBy>
<createdTime>2022-04-27 08:25:32 UTC</createdTime>
<commentInRDBMS><![CDATA[cruise id]]></commentInRDBMS>
<generatorID>5FA0AA2B-8BCC-F063-5BB8-5160C21B7C04</generatorID>
<ownerDesignName>wc_logical</ownerDesignName>
<engineerTo>
<item key="7C2ED89B-D414-088F-1408-CAACDE981B5F" value="true"/>
</engineerTo>
<referedAttribute>9A70075D-A89A-16CB-7B30-94CA1F184B19</referedAttribute>
<useDomainConstraints>false</useDomainConstraints>
<use>1</use>
<logicalDatatype>LOGDT019</logicalDatatype>
<dataTypePrecision>9</dataTypePrecision>
<ownDataTypeParameters>,9,</ownDataTypeParameters>
</Attribute>
<Attribute name="cruise_name" id="4D01EF66-DB4F-6C38-33C1-3BD04A8936E4">
<createdBy>28776</createdBy>
<createdTime>2022-04-27 08:25:32 UTC</createdTime>
<commentInRDBMS><![CDATA[cruise name]]></commentInRDBMS>
<generatorID>5FA0AA2B-8BCC-F063-5BB8-5160C21B7C04</generatorID>
<ownerDesignName>wc_logical</ownerDesignName>
<engineerTo>
<item key="7C2ED89B-D414-088F-1408-CAACDE981B5F" value="true"/>
</engineerTo>
<referedAttribute>59E98691-C84D-E316-E61D-252D22266351</referedAttribute>
<useDomainConstraints>false</useDomainConstraints>
<use>1</use>
<logicalDatatype>LOGDT024</logicalDatatype>
<dataTypeSize>50</dataTypeSize>
<ownDataTypeParameters>50,,</ownDataTypeParameters>
</Attribute>
<Attribute name="passedger_id" id="FA894F43-8EC8-FBCA-9EB5-D220C008E62A">
<createdBy>28776</createdBy>
<createdTime>2022-04-27 08:33:02 UTC</createdTime>
<commentInRDBMS><![CDATA[passedger id]]></commentInRDBMS>
<generatorID>6349C553-76AD-020B-C0DE-84173C1CE4F4</generatorID>
<ownerDesignName>wc_logical</ownerDesignName>
<engineerTo>
<item key="7C2ED89B-D414-088F-1408-CAACDE981B5F" value="true"/>
</engineerTo>
<referedAttribute>A08EA09F-8B14-74A9-BD06-1FFF2CA4AB95</referedAttribute>
<useDomainConstraints>false</useDomainConstraints>
<use>1</use>
<logicalDatatype>LOGDT019</logicalDatatype>
<dataTypePrecision>9</dataTypePrecision>
<ownDataTypeParameters>,9,</ownDataTypeParameters>
</Attribute>
<Attribute name="cabin_number1" id="4D961BAC-FDC4-45A9-164B-3025441F690E">
<createdBy>28776</createdBy>
<createdTime>2022-04-27 17:16:23 UTC</createdTime>
<commentInRDBMS><![CDATA[cabin number]]></commentInRDBMS>
<generatorID>C132776C-9A2A-F146-0737-AC87DD6B28AB</generatorID>
<ownerDesignName>wc_logical</ownerDesignName>
<engineerTo>
<item key="7C2ED89B-D414-088F-1408-CAACDE981B5F" value="true"/>
</engineerTo>
<referedAttribute>C189494B-F87D-4752-1F4C-DD484EE3529B</referedAttribute>
<useDomainConstraints>false</useDomainConstraints>
<use>1</use>
<logicalDatatype>LOGDT019</logicalDatatype>
<dataTypePrecision>9</dataTypePrecision>
<ownDataTypeParameters>,9,</ownDataTypeParameters>
</Attribute>
<Attribute name="ship_code" id="5F751A3D-AAFF-5A37-2001-66DFD853C732">
<createdBy>28776</createdBy>
<createdTime>2022-04-27 17:16:23 UTC</createdTime>
<commentInRDBMS><![CDATA[the code of ship]]></commentInRDBMS>
<generatorID>C132776C-9A2A-F146-0737-AC87DD6B28AB</generatorID>
<ownerDesignName>wc_logical</ownerDesignName>
<engineerTo>
<item key="7C2ED89B-D414-088F-1408-CAACDE981B5F" value="true"/>
</engineerTo>
<referedAttribute>ED6C55C5-99DC-B7A5-5311-74AC12D19181</referedAttribute>
<useDomainConstraints>false</useDomainConstraints>
<use>1</use>
<logicalDatatype>LOGDT019</logicalDatatype>
<dataTypePrecision>9</dataTypePrecision>
<ownDataTypeParameters>,9,</ownDataTypeParameters>
</Attribute>
</attributes>
<identifiers itemClass="oracle.dbtools.crest.model.design.logical.CandidateKey">
<identifier id="7DA8E78B-AE3D-A624-7879-F084C698FEA6" name="MANIFEST PK">
<createdBy>28776</createdBy>
<createdTime>2022-04-27 07:56:08 UTC</createdTime>
<ownerDesignName>wc_logical</ownerDesignName>
<shouldEngineer>false</shouldEngineer>
<engineerTo>
<item key="7C2ED89B-D414-088F-1408-CAACDE981B5F" value="false"/>
</engineerTo>
<pk>true</pk>
<usedAttributes>
<attributeRef>76F58986-4672-E1D1-469D-AA2BDC88B72B</attributeRef>
<attributeRef>E4D687B9-6FC8-9818-AEA1-7699E3056D13</attributeRef>
<attributeRef>4D01EF66-DB4F-6C38-33C1-3BD04A8936E4</attributeRef>
<attributeRef>FA894F43-8EC8-FBCA-9EB5-D220C008E62A</attributeRef>
</usedAttributes>
</identifier>
</identifiers>
</Entity>