<?xml version = '1.0' encoding = 'UTF-8'?>
<Table class="oracle.dbtools.crest.model.design.relational.Table" directorySegmentName="seg_0" id="040BA767-FA99-FE40-034F-D8581ED9B52C" name="SHIP">
<createdBy>28776</createdBy>
<createdTime>2022-04-28 02:20:25 UTC</createdTime>
<generatorID>9C4ACE50-044F-B780-EDEB-0A094B8E9850</generatorID>
<ownerDesignName>wc_logical</ownerDesignName>
<allowColumnReorder>false</allowColumnReorder>
<existDependencyGenerateInDDl>true</existDependencyGenerateInDDl>
<parsed>true</parsed>
<columns itemClass="oracle.dbtools.crest.model.design.relational.Column">
<Column name="ship_code" id="E19566AB-9EF1-B3FF-0097-7003A6200CBC">
<createdBy>28776</createdBy>
<createdTime>2022-04-28 02:20:25 UTC</createdTime>
<commentInRDBMS><![CDATA[the code of ship]]></commentInRDBMS>
<generatorID>7504B0C5-4518-FC88-E65F-021329F4E867</generatorID>
<ownerDesignName>wc_logical</ownerDesignName>
<useDomainConstraints>false</useDomainConstraints>
<use>1</use>
<logicalDatatype>LOGDT019</logicalDatatype>
<dataTypePrecision>9</dataTypePrecision>
<ownDataTypeParameters>,9,</ownDataTypeParameters>
<autoIncrementCycle>false</autoIncrementCycle>
</Column>
<Column name="ship_name" id="201520BE-3F23-B9BD-46FF-9A75D7B46EEE">
<createdBy>28776</createdBy>
<createdTime>2022-04-28 02:20:25 UTC</createdTime>
<commentInRDBMS><![CDATA[the name of ship]]></commentInRDBMS>
<generatorID>DA4AA88B-E102-3014-1EA2-ED64C73F9786</generatorID>
<ownerDesignName>wc_logical</ownerDesignName>
<useDomainConstraints>false</useDomainConstraints>
<use>1</use>
<logicalDatatype>LOGDT024</logicalDatatype>
<dataTypeSize>50</dataTypeSize>
<ownDataTypeParameters>50,,</ownDataTypeParameters>
<autoIncrementCycle>false</autoIncrementCycle>
</Column>
<Column name="ship_commission_date" id="58165E46-75A2-C261-A9F5-FF5112D5FA1C">
<createdBy>28776</createdBy>
<createdTime>2022-04-28 02:20:25 UTC</createdTime>
<commentInRDBMS><![CDATA[the commission date of ship
]]></commentInRDBMS>
<generatorID>471C5936-5B4B-2413-EBC0-E3A54527A4FA</generatorID>
<ownerDesignName>wc_logical</ownerDesignName>
<useDomainConstraints>false</useDomainConstraints>
<use>1</use>
<logicalDatatype>LOGDT024</logicalDatatype>
<dataTypeSize>50</dataTypeSize>
<ownDataTypeParameters>50,,</ownDataTypeParameters>
<autoIncrementCycle>false</autoIncrementCycle>
</Column>
<Column name="ship_tonnage" id="45DCE11E-931A-6EB7-AE82-6E17880B5132">
<createdBy>28776</createdBy>
<createdTime>2022-04-28 02:20:25 UTC</createdTime>
<commentInRDBMS><![CDATA[the tonnage of ship]]></commentInRDBMS>
<generatorID>B6A80A07-22D9-474D-DAC7-FD2C647E7D86</generatorID>
<ownerDesignName>wc_logical</ownerDesignName>
<useDomainConstraints>false</useDomainConstraints>
<use>1</use>
<logicalDatatype>LOGDT024</logicalDatatype>
<dataTypeSize>50</dataTypeSize>
<ownDataTypeParameters>50,,</ownDataTypeParameters>
<autoIncrementCycle>false</autoIncrementCycle>
</Column>
<Column name="ship_capacity" id="6CED3C37-532E-8E21-AD69-02CAE294F2DF">
<createdBy>28776</createdBy>
<createdTime>2022-04-28 02:20:25 UTC</createdTime>
<commentInRDBMS><![CDATA[the max capacity of ship]]></commentInRDBMS>
<generatorID>0A092F52-4B05-56A3-67CC-9EE83A792FAE</generatorID>
<ownerDesignName>wc_logical</ownerDesignName>
<useDomainConstraints>false</useDomainConstraints>
<use>1</use>
<logicalDatatype>LOGDT024</logicalDatatype>
<dataTypeSize>50</dataTypeSize>
<ownDataTypeParameters>50,,</ownDataTypeParameters>
<autoIncrementCycle>false</autoIncrementCycle>
</Column>
<Column name="ship_registered_country" id="5F5958E7-19A8-DC15-C5F8-4FAEAA88AB40">
<createdBy>28776</createdBy>
<createdTime>2022-04-28 02:20:25 UTC</createdTime>
<commentInRDBMS><![CDATA[the registered country of ship]]></commentInRDBMS>
<generatorID>B72BA230-C2D3-EFD5-B140-83687DD82BF0</generatorID>
<ownerDesignName>wc_logical</ownerDesignName>
<useDomainConstraints>false</useDomainConstraints>
<use>1</use>
<logicalDatatype>LOGDT024</logicalDatatype>
<dataTypeSize>50</dataTypeSize>
<ownDataTypeParameters>50,,</ownDataTypeParameters>
<autoIncrementCycle>false</autoIncrementCycle>
</Column>
<Column name="operator_id" id="82501A1D-F965-8E3D-EFD0-9848360FF518">
<createdBy>28776</createdBy>
<createdTime>2022-04-28 02:20:25 UTC</createdTime>
<commentInRDBMS><![CDATA[the id of operator]]></commentInRDBMS>
<generatorID>D3CE2F67-4675-AE0A-798C-0B03767D0794</generatorID>
<ownerDesignName>wc_logical</ownerDesignName>
<useDomainConstraints>false</useDomainConstraints>
<use>1</use>
<logicalDatatype>LOGDT019</logicalDatatype>
<dataTypePrecision>9</dataTypePrecision>
<ownDataTypeParameters>,9,</ownDataTypeParameters>
<previousColumn>false</previousColumn>
<autoIncrementCycle>false</autoIncrementCycle>
<associations>
<colAssociation fkAssociation="CFCC2CFF-D8BF-ED4B-078A-A3A58E7AB930" referredColumn="C4640456-5C6F-D8E6-8D25-F506F330CF7D"/>
</associations>
</Column>
</columns>
<indexes itemClass="oracle.dbtools.crest.model.design.relational.Index">
<ind_PK_UK id="5C63EF91-0A1F-B9D6-E02D-2B3E9B5511A6" name="SHIP_PK">
<createdBy>28776</createdBy>
<createdTime>2022-04-28 02:20:25 UTC</createdTime>
<generatorID>23394CCF-9A46-4C26-BD92-8408F73CA861</generatorID>
<ownerDesignName>wc_logical</ownerDesignName>
<pk>true</pk>
<indexState>Primary Constraint</indexState>
<isSurrogateKey>false</isSurrogateKey>
<indexColumnUsage>
<colUsage columnID="E19566AB-9EF1-B3FF-0097-7003A6200CBC"/>
</indexColumnUsage>
</ind_PK_UK>
<ind_PK_UK id="850A4A84-8FD6-2241-3B37-E1419103CA88" name="operator_ship">
<createdBy>28776</createdBy>
<createdTime>2022-04-28 02:20:25 UTC</createdTime>
<generatorID>E3A7A3CF-4DA7-BE5A-09D6-6097C63C9951</generatorID>
<ownerDesignName>wc_logical</ownerDesignName>
<indexState>Foreign Key</indexState>
<isSurrogateKey>false</isSurrogateKey>
<indexColumnUsage>
<colUsage columnID="82501A1D-F965-8E3D-EFD0-9848360FF518"/>
</indexColumnUsage>
</ind_PK_UK>
</indexes>
</Table>