<?xml version = '1.0' encoding = 'UTF-8'?>
<Table class="oracle.dbtools.crest.model.design.relational.Table" directorySegmentName="seg_0" id="078B543A-73EA-42DC-3BEB-AF0CD4203144" name="MANIFEST">
<createdBy>28776</createdBy>
<createdTime>2022-04-28 02:20:25 UTC</createdTime>
<generatorID>EF1F86FC-02E8-F596-FF88-D8CDB0E7CF3E</generatorID>
<ownerDesignName>wc_logical</ownerDesignName>
<allowColumnReorder>false</allowColumnReorder>
<existDependencyGenerateInDDl>true</existDependencyGenerateInDDl>
<parsed>true</parsed>
<columns itemClass="oracle.dbtools.crest.model.design.relational.Column">
<Column name="cabin_number" id="D6EC33A5-4814-2368-1ED0-A35B4BF03965">
<createdBy>28776</createdBy>
<createdTime>2022-04-28 02:20:25 UTC</createdTime>
<commentInRDBMS><![CDATA[cabin number]]></commentInRDBMS>
<generatorID>76F58986-4672-E1D1-469D-AA2BDC88B72B</generatorID>
<ownerDesignName>wc_logical</ownerDesignName>
<useDomainConstraints>false</useDomainConstraints>
<use>1</use>
<logicalDatatype>LOGDT019</logicalDatatype>
<dataTypePrecision>9</dataTypePrecision>
<ownDataTypeParameters>,9,</ownDataTypeParameters>
<autoIncrementCycle>false</autoIncrementCycle>
</Column>
<Column name="board_data" id="24986117-676B-766B-16BD-1B250A244E4A">
<createdBy>28776</createdBy>
<createdTime>2022-04-28 02:20:25 UTC</createdTime>
<commentInRDBMS><![CDATA[board data]]></commentInRDBMS>
<generatorID>1398EFD1-6DB9-93B0-F6F7-BD3EDEFF110B</generatorID>
<ownerDesignName>wc_logical</ownerDesignName>
<useDomainConstraints>false</useDomainConstraints>
<use>1</use>
<logicalDatatype>LOGDT007</logicalDatatype>
<ownDataTypeParameters>,,</ownDataTypeParameters>
<autoIncrementCycle>false</autoIncrementCycle>
</Column>
<Column name="cruise_id" id="DE643F44-1FEE-15C2-584A-75A89B397F19">
<createdBy>28776</createdBy>
<createdTime>2022-04-28 02:20:25 UTC</createdTime>
<commentInRDBMS><![CDATA[cruise id]]></commentInRDBMS>
<generatorID>E4D687B9-6FC8-9818-AEA1-7699E3056D13</generatorID>
<ownerDesignName>wc_logical</ownerDesignName>
<useDomainConstraints>false</useDomainConstraints>
<use>1</use>
<logicalDatatype>LOGDT019</logicalDatatype>
<dataTypePrecision>9</dataTypePrecision>
<ownDataTypeParameters>,9,</ownDataTypeParameters>
<previousColumn>false</previousColumn>
<autoIncrementCycle>false</autoIncrementCycle>
<associations>
<colAssociation fkAssociation="B75862AC-6353-466C-7E4A-B5D069D55578" referredColumn="22AE02B8-8503-C4C3-ADD6-DBD47EF959DE"/>
</associations>
</Column>
<Column name="cruise_name" id="0788B212-9700-ADE0-2FFC-3CB8C72765F4">
<createdBy>28776</createdBy>
<createdTime>2022-04-28 02:20:25 UTC</createdTime>
<commentInRDBMS><![CDATA[cruise name]]></commentInRDBMS>
<generatorID>4D01EF66-DB4F-6C38-33C1-3BD04A8936E4</generatorID>
<ownerDesignName>wc_logical</ownerDesignName>
<useDomainConstraints>false</useDomainConstraints>
<use>1</use>
<logicalDatatype>LOGDT024</logicalDatatype>
<dataTypeSize>50</dataTypeSize>
<ownDataTypeParameters>50,,</ownDataTypeParameters>
<previousColumn>false</previousColumn>
<autoIncrementCycle>false</autoIncrementCycle>
<associations>
<colAssociation fkAssociation="B75862AC-6353-466C-7E4A-B5D069D55578" referredColumn="A328E7B4-F09F-90CF-05DB-12634A46F282"/>
</associations>
</Column>
<Column name="passedger_id" id="B308D23D-3BE0-9068-B125-58EFBC57760D">
<createdBy>28776</createdBy>
<createdTime>2022-04-28 02:20:25 UTC</createdTime>
<commentInRDBMS><![CDATA[passedger id]]></commentInRDBMS>
<generatorID>FA894F43-8EC8-FBCA-9EB5-D220C008E62A</generatorID>
<ownerDesignName>wc_logical</ownerDesignName>
<useDomainConstraints>false</useDomainConstraints>
<use>1</use>
<logicalDatatype>LOGDT019</logicalDatatype>
<dataTypePrecision>9</dataTypePrecision>
<ownDataTypeParameters>,9,</ownDataTypeParameters>
<previousColumn>false</previousColumn>
<autoIncrementCycle>false</autoIncrementCycle>
<associations>
<colAssociation fkAssociation="8E7DC0BB-3D72-559E-5B05-DCB1BB511D8E" referredColumn="C723E093-A995-7E06-2A6C-D44ABE1CEB93"/>
</associations>
</Column>
<Column name="cabin_number1" id="6BEA9617-5346-0C81-4CA4-E8EF5C1676B1">
<createdBy>28776</createdBy>
<createdTime>2022-04-28 02:20:25 UTC</createdTime>
<commentInRDBMS><![CDATA[cabin number]]></commentInRDBMS>
<generatorID>4D961BAC-FDC4-45A9-164B-3025441F690E</generatorID>
<ownerDesignName>wc_logical</ownerDesignName>
<useDomainConstraints>false</useDomainConstraints>
<use>1</use>
<logicalDatatype>LOGDT019</logicalDatatype>
<dataTypePrecision>9</dataTypePrecision>
<ownDataTypeParameters>,9,</ownDataTypeParameters>
<previousColumn>false</previousColumn>
<autoIncrementCycle>false</autoIncrementCycle>
<associations>
<colAssociation fkAssociation="E116697A-9E9E-067A-CA96-214231124E99" referredColumn="3C5D08C4-4ACA-8E65-7824-D042A66625BC"/>
</associations>
</Column>
<Column name="ship_code" id="925EF712-49C6-44BE-C52C-4D014FDF41CD">
<createdBy>28776</createdBy>
<createdTime>2022-04-28 02:20:25 UTC</createdTime>
<commentInRDBMS><![CDATA[the code of ship]]></commentInRDBMS>
<generatorID>5F751A3D-AAFF-5A37-2001-66DFD853C732</generatorID>
<ownerDesignName>wc_logical</ownerDesignName>
<useDomainConstraints>false</useDomainConstraints>
<use>1</use>
<logicalDatatype>LOGDT019</logicalDatatype>
<dataTypePrecision>9</dataTypePrecision>
<ownDataTypeParameters>,9,</ownDataTypeParameters>
<previousColumn>false</previousColumn>
<autoIncrementCycle>false</autoIncrementCycle>
<associations>
<colAssociation fkAssociation="E116697A-9E9E-067A-CA96-214231124E99" referredColumn="335D3792-8B39-88CD-F8E0-AE7277895B92"/>
</associations>
</Column>
</columns>
<indexes itemClass="oracle.dbtools.crest.model.design.relational.Index">
<ind_PK_UK id="9AAA945B-431B-6FA0-8405-F02444FDC3D9" name="MANIFEST_PK">
<createdBy>28776</createdBy>
<createdTime>2022-04-28 02:20:25 UTC</createdTime>
<generatorID>7DA8E78B-AE3D-A624-7879-F084C698FEA6</generatorID>
<ownerDesignName>wc_logical</ownerDesignName>
<pk>true</pk>
<indexState>Primary Constraint</indexState>
<isSurrogateKey>false</isSurrogateKey>
<indexColumnUsage>
<colUsage columnID="D6EC33A5-4814-2368-1ED0-A35B4BF03965"/>
<colUsage columnID="DE643F44-1FEE-15C2-584A-75A89B397F19"/>
<colUsage columnID="0788B212-9700-ADE0-2FFC-3CB8C72765F4"/>
<colUsage columnID="B308D23D-3BE0-9068-B125-58EFBC57760D"/>
</indexColumnUsage>
</ind_PK_UK>
<ind_PK_UK id="5D8101EE-CB28-21EB-7ECB-5CB44FA28596" name="cabin_manifest">
<createdBy>28776</createdBy>
<createdTime>2022-04-28 02:20:25 UTC</createdTime>
<generatorID>C132776C-9A2A-F146-0737-AC87DD6B28AB</generatorID>
<ownerDesignName>wc_logical</ownerDesignName>
<indexState>Foreign Key</indexState>
<isSurrogateKey>false</isSurrogateKey>
<indexColumnUsage>
<colUsage columnID="6BEA9617-5346-0C81-4CA4-E8EF5C1676B1"/>
<colUsage columnID="925EF712-49C6-44BE-C52C-4D014FDF41CD"/>
</indexColumnUsage>
</ind_PK_UK>
<ind_PK_UK id="DC7BB946-A779-AF80-4EC6-5E8BCF385D55" name="cruise_manifest">
<createdBy>28776</createdBy>
<createdTime>2022-04-28 02:20:25 UTC</createdTime>
<generatorID>5FA0AA2B-8BCC-F063-5BB8-5160C21B7C04</generatorID>
<ownerDesignName>wc_logical</ownerDesignName>
<indexState>Foreign Key</indexState>
<isSurrogateKey>false</isSurrogateKey>
<indexColumnUsage>
<colUsage columnID="DE643F44-1FEE-15C2-584A-75A89B397F19"/>
<colUsage columnID="0788B212-9700-ADE0-2FFC-3CB8C72765F4"/>
</indexColumnUsage>
</ind_PK_UK>
<ind_PK_UK id="1EC01AA8-1B57-BF37-A30C-54BE04823D91" name="passenger_manifest">
<createdBy>28776</createdBy>
<createdTime>2022-04-28 02:20:25 UTC</createdTime>
<generatorID>6349C553-76AD-020B-C0DE-84173C1CE4F4</generatorID>
<ownerDesignName>wc_logical</ownerDesignName>
<indexState>Foreign Key</indexState>
<isSurrogateKey>false</isSurrogateKey>
<indexColumnUsage>
<colUsage columnID="B308D23D-3BE0-9068-B125-58EFBC57760D"/>
</indexColumnUsage>
</ind_PK_UK>
</indexes>
</Table>