<?xml version = '1.0' encoding = 'UTF-8'?>
<Table class="oracle.dbtools.crest.model.design.relational.Table" directorySegmentName="seg_0" id="15B51C28-A134-8AF6-4140-9726A10CF7A5" name="CABIN">
<createdBy>28776</createdBy>
<createdTime>2022-04-28 02:20:25 UTC</createdTime>
<generatorID>DFDBA712-DC6C-2FC2-8D5A-2F2A1C246EB4</generatorID>
<ownerDesignName>wc_logical</ownerDesignName>
<allowColumnReorder>false</allowColumnReorder>
<existDependencyGenerateInDDl>true</existDependencyGenerateInDDl>
<parsed>true</parsed>
<columns itemClass="oracle.dbtools.crest.model.design.relational.Column">
<Column name="cabin_number" id="3C5D08C4-4ACA-8E65-7824-D042A66625BC">
<createdBy>28776</createdBy>
<createdTime>2022-04-28 02:20:25 UTC</createdTime>
<commentInRDBMS><![CDATA[cabin number]]></commentInRDBMS>
<generatorID>C189494B-F87D-4752-1F4C-DD484EE3529B</generatorID>
<ownerDesignName>wc_logical</ownerDesignName>
<useDomainConstraints>false</useDomainConstraints>
<use>1</use>
<logicalDatatype>LOGDT019</logicalDatatype>
<dataTypePrecision>9</dataTypePrecision>
<ownDataTypeParameters>,9,</ownDataTypeParameters>
<autoIncrementCycle>false</autoIncrementCycle>
</Column>
<Column name="cabin_capacity" id="BA580B04-B8FF-FAB7-54CB-7236C76E60E9">
<createdBy>28776</createdBy>
<createdTime>2022-04-28 02:20:25 UTC</createdTime>
<commentInRDBMS><![CDATA[cabin capacity]]></commentInRDBMS>
<generatorID>B205B5B3-15CE-C88D-2978-533FE3A03FB2</generatorID>
<ownerDesignName>wc_logical</ownerDesignName>
<useDomainConstraints>false</useDomainConstraints>
<use>1</use>
<logicalDatatype>LOGDT024</logicalDatatype>
<dataTypeSize>50</dataTypeSize>
<ownDataTypeParameters>50,,</ownDataTypeParameters>
<autoIncrementCycle>false</autoIncrementCycle>
</Column>
<Column name="cabin_class" id="0E9D8052-F4A5-5554-A235-F451E3B59EE1">
<createdBy>28776</createdBy>
<createdTime>2022-04-28 02:20:25 UTC</createdTime>
<commentInRDBMS><![CDATA[cabin class]]></commentInRDBMS>
<generatorID>1F81E96A-C22E-7FA3-30C9-C7A00F681F38</generatorID>
<ownerDesignName>wc_logical</ownerDesignName>
<useDomainConstraints>false</useDomainConstraints>
<use>1</use>
<logicalDatatype>LOGDT024</logicalDatatype>
<dataTypeSize>50</dataTypeSize>
<ownDataTypeParameters>50,,</ownDataTypeParameters>
<autoIncrementCycle>false</autoIncrementCycle>
</Column>
<Column name="ship_code" id="335D3792-8B39-88CD-F8E0-AE7277895B92">
<createdBy>28776</createdBy>
<createdTime>2022-04-28 02:20:25 UTC</createdTime>
<commentInRDBMS><![CDATA[the code of ship]]></commentInRDBMS>
<generatorID>ED6C55C5-99DC-B7A5-5311-74AC12D19181</generatorID>
<ownerDesignName>wc_logical</ownerDesignName>
<useDomainConstraints>false</useDomainConstraints>
<use>1</use>
<logicalDatatype>LOGDT019</logicalDatatype>
<dataTypePrecision>9</dataTypePrecision>
<ownDataTypeParameters>,9,</ownDataTypeParameters>
<previousColumn>false</previousColumn>
<autoIncrementCycle>false</autoIncrementCycle>
<associations>
<colAssociation fkAssociation="A10D92CA-8E05-2D62-32F6-2AAE8B8D9618" referredColumn="E19566AB-9EF1-B3FF-0097-7003A6200CBC"/>
</associations>
</Column>
<Column name="cabin_cheek" id="C2FC0073-C6F0-0CA7-F854-DD0806528B5A">
<createdBy>28776</createdBy>
<createdTime>2022-04-28 02:20:25 UTC</createdTime>
<commentInRDBMS><![CDATA[cheek interior, coeanview, balcony, suit]]></commentInRDBMS>
<generatorID>BABC8F00-8C8B-660B-B620-DCA262223C80</generatorID>
<ownerDesignName>wc_logical</ownerDesignName>
<useDomainConstraints>false</useDomainConstraints>
<use>1</use>
<logicalDatatype>LOGDT024</logicalDatatype>
<dataTypeSize>50</dataTypeSize>
<ownDataTypeParameters>50,,</ownDataTypeParameters>
<autoIncrementCycle>false</autoIncrementCycle>
</Column>
</columns>
<indexes itemClass="oracle.dbtools.crest.model.design.relational.Index">
<ind_PK_UK id="90AF0F36-53D0-FD21-1C99-0056F80C4DCB" name="CABIN_PK">
<createdBy>28776</createdBy>
<createdTime>2022-04-28 02:20:25 UTC</createdTime>
<generatorID>0BED4C84-C2EB-44F0-66E9-410D3C26FCF7</generatorID>
<ownerDesignName>wc_logical</ownerDesignName>
<pk>true</pk>
<indexState>Primary Constraint</indexState>
<isSurrogateKey>false</isSurrogateKey>
<indexColumnUsage>
<colUsage columnID="3C5D08C4-4ACA-8E65-7824-D042A66625BC"/>
<colUsage columnID="335D3792-8B39-88CD-F8E0-AE7277895B92"/>
</indexColumnUsage>
</ind_PK_UK>
<ind_PK_UK id="9EB4CC0A-50DF-DA7B-B417-B3DDDD4493C9" name="ship_cabin">
<createdBy>28776</createdBy>
<createdTime>2022-04-28 02:20:25 UTC</createdTime>
<generatorID>08EE4908-0FC7-9045-1B4C-CC26D7E29E33</generatorID>
<ownerDesignName>wc_logical</ownerDesignName>
<indexState>Foreign Key</indexState>
<isSurrogateKey>false</isSurrogateKey>
<indexColumnUsage>
<colUsage columnID="335D3792-8B39-88CD-F8E0-AE7277895B92"/>
</indexColumnUsage>
</ind_PK_UK>
</indexes>
</Table>