<?xml version = '1.0' encoding = 'UTF-8'?>
<Table class="oracle.dbtools.crest.model.design.relational.Table" directorySegmentName="seg_0" id="363E0A7E-9369-92AE-D05E-DED27FB07A57" name="OPERATOR">
<createdBy>28776</createdBy>
<createdTime>2022-04-28 02:20:25 UTC</createdTime>
<generatorID>5AD7FDCB-8495-7F3C-7E1D-12D81978BC5F</generatorID>
<ownerDesignName>wc_logical</ownerDesignName>
<allowColumnReorder>false</allowColumnReorder>
<existDependencyGenerateInDDl>true</existDependencyGenerateInDDl>
<parsed>true</parsed>
<columns itemClass="oracle.dbtools.crest.model.design.relational.Column">
<Column name="operator_id" id="C4640456-5C6F-D8E6-8D25-F506F330CF7D">
<createdBy>28776</createdBy>
<createdTime>2022-04-28 02:20:25 UTC</createdTime>
<commentInRDBMS><![CDATA[the id of operator]]></commentInRDBMS>
<generatorID>41264EAC-D7F8-6C7D-0159-86222BEC0F8C</generatorID>
<ownerDesignName>wc_logical</ownerDesignName>
<useDomainConstraints>false</useDomainConstraints>
<use>1</use>
<logicalDatatype>LOGDT019</logicalDatatype>
<dataTypePrecision>9</dataTypePrecision>
<ownDataTypeParameters>,9,</ownDataTypeParameters>
<autoIncrementCycle>false</autoIncrementCycle>
</Column>
<Column name="operator_name" id="1B74912B-8260-1B6D-EA23-0EAA29FD5EFA">
<createdBy>28776</createdBy>
<createdTime>2022-04-28 02:20:25 UTC</createdTime>
<commentInRDBMS><![CDATA[the name of operator]]></commentInRDBMS>
<generatorID>A47D69DE-8FDF-A0C0-F0EE-859921CA9652</generatorID>
<ownerDesignName>wc_logical</ownerDesignName>
<useDomainConstraints>false</useDomainConstraints>
<use>1</use>
<logicalDatatype>LOGDT024</logicalDatatype>
<dataTypeSize>50</dataTypeSize>
<ownDataTypeParameters>50,,</ownDataTypeParameters>
<autoIncrementCycle>false</autoIncrementCycle>
</Column>
<Column name="chief_officer_name" id="183432C6-9B9F-6C35-75E5-12F75A5EAB68">
<createdBy>28776</createdBy>
<createdTime>2022-04-28 02:20:25 UTC</createdTime>
<commentInRDBMS><![CDATA[the chief officer name of operator]]></commentInRDBMS>
<generatorID>AB16B77F-6482-9ADB-85BF-D9A3E6375710</generatorID>
<ownerDesignName>wc_logical</ownerDesignName>
<useDomainConstraints>false</useDomainConstraints>
<use>1</use>
<logicalDatatype>LOGDT024</logicalDatatype>
<dataTypeSize>50</dataTypeSize>
<ownDataTypeParameters>50,,</ownDataTypeParameters>
<autoIncrementCycle>false</autoIncrementCycle>
</Column>
</columns>
<indexes itemClass="oracle.dbtools.crest.model.design.relational.Index">
<ind_PK_UK id="3261F935-873D-1BFF-5AEF-319AF9408FB1" name="OPERATOR_PK">
<createdBy>28776</createdBy>
<createdTime>2022-04-28 02:20:25 UTC</createdTime>
<generatorID>80719F44-C35A-39C7-82F8-1A24A1E4573D</generatorID>
<ownerDesignName>wc_logical</ownerDesignName>
<pk>true</pk>
<indexState>Primary Constraint</indexState>
<isSurrogateKey>false</isSurrogateKey>
<indexColumnUsage>
<colUsage columnID="C4640456-5C6F-D8E6-8D25-F506F330CF7D"/>
</indexColumnUsage>
</ind_PK_UK>
</indexes>
</Table>