<?xml version = '1.0' encoding = 'UTF-8'?>
<Table class="oracle.dbtools.crest.model.design.relational.Table" directorySegmentName="seg_0" id="36420A46-E307-9E2F-C57D-A001296386A1" name="ADDRESS">
<createdBy>28776</createdBy>
<createdTime>2022-04-28 02:20:25 UTC</createdTime>
<generatorID>7E918935-2557-665D-AA8D-B37F09917E02</generatorID>
<ownerDesignName>wc_logical</ownerDesignName>
<allowColumnReorder>false</allowColumnReorder>
<existDependencyGenerateInDDl>true</existDependencyGenerateInDDl>
<parsed>true</parsed>
<columns itemClass="oracle.dbtools.crest.model.design.relational.Column">
<Column name="address_id" id="301C1F0A-2546-B513-D50F-7F02A344847E">
<createdBy>28776</createdBy>
<createdTime>2022-04-28 02:20:25 UTC</createdTime>
<commentInRDBMS><![CDATA[surrogate key, the id of address]]></commentInRDBMS>
<generatorID>1FBC7B7B-75E6-8621-23F4-26A5A5357B4B</generatorID>
<ownerDesignName>wc_logical</ownerDesignName>
<useDomainConstraints>false</useDomainConstraints>
<use>1</use>
<logicalDatatype>LOGDT019</logicalDatatype>
<dataTypePrecision>9</dataTypePrecision>
<ownDataTypeParameters>,9,</ownDataTypeParameters>
<autoIncrementCycle>false</autoIncrementCycle>
</Column>
<Column name="street_name" id="7EFF0DE0-05B9-2507-EDAD-F4083141C058">
<createdBy>28776</createdBy>
<createdTime>2022-04-28 02:20:25 UTC</createdTime>
<commentInRDBMS><![CDATA[passedger street name]]></commentInRDBMS>
<generatorID>4DD946F2-692F-5099-5BCE-38B28484CE71</generatorID>
<ownerDesignName>wc_logical</ownerDesignName>
<useDomainConstraints>false</useDomainConstraints>
<use>1</use>
<logicalDatatype>LOGDT024</logicalDatatype>
<dataTypeSize>50</dataTypeSize>
<ownDataTypeParameters>50,,</ownDataTypeParameters>
<autoIncrementCycle>false</autoIncrementCycle>
</Column>
<Column name="town" id="5602F499-3657-07FC-B159-075147A54942">
<createdBy>28776</createdBy>
<createdTime>2022-04-28 02:20:25 UTC</createdTime>
<commentInRDBMS><![CDATA[passedger town]]></commentInRDBMS>
<generatorID>C1263C46-8E24-412B-CA9A-D9BAFB8EF700</generatorID>
<ownerDesignName>wc_logical</ownerDesignName>
<useDomainConstraints>false</useDomainConstraints>
<use>1</use>
<logicalDatatype>LOGDT024</logicalDatatype>
<dataTypeSize>50</dataTypeSize>
<ownDataTypeParameters>50,,</ownDataTypeParameters>
<autoIncrementCycle>false</autoIncrementCycle>
</Column>
<Column name="postcode" id="983F9E87-1DB9-53FC-26FB-18D56DAE5987">
<createdBy>28776</createdBy>
<createdTime>2022-04-28 02:20:25 UTC</createdTime>
<commentInRDBMS><![CDATA[passedger postcode]]></commentInRDBMS>
<generatorID>EE1F621F-01DE-DA19-661C-1CB1DF47F440</generatorID>
<ownerDesignName>wc_logical</ownerDesignName>
<useDomainConstraints>false</useDomainConstraints>
<use>1</use>
<logicalDatatype>LOGDT024</logicalDatatype>
<dataTypeSize>50</dataTypeSize>
<ownDataTypeParameters>50,,</ownDataTypeParameters>
<autoIncrementCycle>false</autoIncrementCycle>
</Column>
<Column name="country" id="E95ADE7F-23FE-06D8-B0AE-084036030D2D">
<createdBy>28776</createdBy>
<createdTime>2022-04-28 02:20:25 UTC</createdTime>
<commentInRDBMS><![CDATA[passedger country]]></commentInRDBMS>
<generatorID>D0BEED25-8C91-2FA0-33EF-A52441DBB376</generatorID>
<ownerDesignName>wc_logical</ownerDesignName>
<useDomainConstraints>false</useDomainConstraints>
<use>1</use>
<logicalDatatype>LOGDT024</logicalDatatype>
<dataTypeSize>50</dataTypeSize>
<ownDataTypeParameters>50,,</ownDataTypeParameters>
<autoIncrementCycle>false</autoIncrementCycle>
</Column>
<Column name="coun_code" id="2AEEC09F-8332-573A-65C3-ABF7984477FD">
<createdBy>28776</createdBy>
<createdTime>2022-04-28 02:20:25 UTC</createdTime>
<generatorID>E4905810-474B-9E50-94C3-64F9C84D72A9</generatorID>
<ownerDesignName>wc_logical</ownerDesignName>
<useDomainConstraints>false</useDomainConstraints>
<use>1</use>
<logicalDatatype>LOGDT019</logicalDatatype>
<dataTypePrecision>9</dataTypePrecision>
<ownDataTypeParameters>,9,</ownDataTypeParameters>
<previousColumn>false</previousColumn>
<autoIncrementCycle>false</autoIncrementCycle>
<associations>
<colAssociation fkAssociation="927FCC90-72C5-EBC2-7F63-D8F1DC2DC648" referredColumn="77DE5236-78E8-BAF4-B37D-A4ACE11E36FA"/>
</associations>
</Column>
</columns>
<indexes itemClass="oracle.dbtools.crest.model.design.relational.Index">
<ind_PK_UK id="7325E102-9981-5222-2A29-E69A416F5A5E" name="ADDRESS_PK">
<createdBy>28776</createdBy>
<createdTime>2022-04-28 02:20:25 UTC</createdTime>
<generatorID>88FDE9F7-5DCA-A889-11CF-561D2A01BE6F</generatorID>
<ownerDesignName>wc_logical</ownerDesignName>
<pk>true</pk>
<indexState>Primary Constraint</indexState>
<isSurrogateKey>false</isSurrogateKey>
<indexColumnUsage>
<colUsage columnID="301C1F0A-2546-B513-D50F-7F02A344847E"/>
</indexColumnUsage>
</ind_PK_UK>
<ind_PK_UK id="8F84BC30-7327-ED5A-BF49-F0C634F63459" name="ADDRESS__IDX">
<createdBy>28776</createdBy>
<createdTime>2022-04-28 02:20:25 UTC</createdTime>
<ownerDesignName>wc_logical</ownerDesignName>
<indexState>Unique Plain Index</indexState>
<isSurrogateKey>false</isSurrogateKey>
<relationGeneratorID>2C9440FE-AB7E-26B8-AC7A-48AE510A34B4</relationGeneratorID>
<indexColumnUsage>
<colUsage columnID="2AEEC09F-8332-573A-65C3-ABF7984477FD"/>
</indexColumnUsage>
</ind_PK_UK>
<ind_PK_UK id="15A1E481-D734-B9F9-0801-B40AB6090B07" name="court_address">
<createdBy>28776</createdBy>
<createdTime>2022-04-28 02:50:20 UTC</createdTime>
<generatorID>2C9440FE-AB7E-26B8-AC7A-48AE510A34B4</generatorID>
<ownerDesignName>wc_logical</ownerDesignName>
<indexState>Foreign Key</indexState>
<isSurrogateKey>false</isSurrogateKey>
<indexColumnUsage>
<colUsage columnID="2AEEC09F-8332-573A-65C3-ABF7984477FD"/>
</indexColumnUsage>
</ind_PK_UK>
</indexes>
</Table>