<?xml version = '1.0' encoding = 'UTF-8'?>
<Table class="oracle.dbtools.crest.model.design.relational.Table" directorySegmentName="seg_0" id="36D7BFF6-2B75-FBE6-0984-4C7F0AF115FD" name="PORT_TOUR">
<createdBy>28776</createdBy>
<createdTime>2022-04-28 02:20:25 UTC</createdTime>
<generatorID>5755C693-7A6D-5AC8-1A7D-CC1EA13460E9</generatorID>
<ownerDesignName>wc_logical</ownerDesignName>
<allowColumnReorder>false</allowColumnReorder>
<existDependencyGenerateInDDl>true</existDependencyGenerateInDDl>
<parsed>true</parsed>
<columns itemClass="oracle.dbtools.crest.model.design.relational.Column">
<Column name="tour_no" id="D0A84B00-1262-095D-6FC9-33B31C35DFFD">
<createdBy>28776</createdBy>
<createdTime>2022-04-28 02:20:25 UTC</createdTime>
<commentInRDBMS><![CDATA[the tour number]]></commentInRDBMS>
<generatorID>8AB3F78E-5E18-403A-7B7C-2645B7A4CC72</generatorID>
<ownerDesignName>wc_logical</ownerDesignName>
<useDomainConstraints>false</useDomainConstraints>
<use>1</use>
<logicalDatatype>LOGDT019</logicalDatatype>
<dataTypePrecision>9</dataTypePrecision>
<ownDataTypeParameters>,9,</ownDataTypeParameters>
<previousColumn>false</previousColumn>
<autoIncrementCycle>false</autoIncrementCycle>
<associations>
<colAssociation fkAssociation="CC418256-2E26-31A3-2DCD-C2E7DAB645EA" referredColumn="298A521A-71F6-062B-FAB4-EAD291997002"/>
</associations>
</Column>
<Column name="tour_date" id="542FC779-E2D8-49CD-C6FC-6A2689F21E07">
<createdBy>28776</createdBy>
<createdTime>2022-04-28 02:20:25 UTC</createdTime>
<commentInRDBMS><![CDATA[tour date]]></commentInRDBMS>
<generatorID>07561C6B-EA36-692A-B910-136B26147ED9</generatorID>
<ownerDesignName>wc_logical</ownerDesignName>
<useDomainConstraints>false</useDomainConstraints>
<use>1</use>
<logicalDatatype>LOGDT007</logicalDatatype>
<ownDataTypeParameters>,,</ownDataTypeParameters>
<autoIncrementCycle>false</autoIncrementCycle>
</Column>
<Column name="port_code" id="3EFFD7C9-6C23-53D0-98FF-4D28B752587C">
<createdBy>28776</createdBy>
<createdTime>2022-04-28 02:20:25 UTC</createdTime>
<commentInRDBMS><![CDATA[port code]]></commentInRDBMS>
<generatorID>195AAC95-934A-CA52-DC5A-068F043775F4</generatorID>
<ownerDesignName>wc_logical</ownerDesignName>
<useDomainConstraints>false</useDomainConstraints>
<use>1</use>
<logicalDatatype>LOGDT024</logicalDatatype>
<dataTypeSize>50</dataTypeSize>
<ownDataTypeParameters>50,,</ownDataTypeParameters>
<previousColumn>false</previousColumn>
<autoIncrementCycle>false</autoIncrementCycle>
<associations>
<colAssociation fkAssociation="3E623D7C-69CB-7E2A-A3E9-977461AC6181" referredColumn="DAAAFD02-19DD-434B-70ED-7603D97ED6A7"/>
</associations>
</Column>
</columns>
<indexes itemClass="oracle.dbtools.crest.model.design.relational.Index">
<ind_PK_UK id="13BA565E-64AC-5C29-4504-FEBB552A88E1" name="PORT_TOUR_PK">
<createdBy>28776</createdBy>
<createdTime>2022-04-28 02:20:25 UTC</createdTime>
<generatorID>4654DB33-9BB9-65AF-4EFC-709662AB4FDD</generatorID>
<ownerDesignName>wc_logical</ownerDesignName>
<pk>true</pk>
<indexState>Primary Constraint</indexState>
<isSurrogateKey>false</isSurrogateKey>
<indexColumnUsage>
<colUsage columnID="542FC779-E2D8-49CD-C6FC-6A2689F21E07"/>
<colUsage columnID="D0A84B00-1262-095D-6FC9-33B31C35DFFD"/>
</indexColumnUsage>
</ind_PK_UK>
<ind_PK_UK id="2ADF9CD6-575F-DAFE-A967-B00B85C60308" name="port_tour">
<createdBy>28776</createdBy>
<createdTime>2022-04-28 02:20:25 UTC</createdTime>
<generatorID>104946E1-8B7A-BAB3-7E6F-069E96B41257</generatorID>
<ownerDesignName>wc_logical</ownerDesignName>
<indexState>Foreign Key</indexState>
<isSurrogateKey>false</isSurrogateKey>
<indexColumnUsage>
<colUsage columnID="3EFFD7C9-6C23-53D0-98FF-4D28B752587C"/>
</indexColumnUsage>
</ind_PK_UK>
<ind_PK_UK id="E1783B9A-05C4-A17B-3590-C203E132E768" name="tour_port">
<createdBy>28776</createdBy>
<createdTime>2022-04-28 02:20:25 UTC</createdTime>
<generatorID>C83CF717-7534-13DB-2086-E6B2B4443DF4</generatorID>
<ownerDesignName>wc_logical</ownerDesignName>
<indexState>Foreign Key</indexState>
<isSurrogateKey>false</isSurrogateKey>
<indexColumnUsage>
<colUsage columnID="D0A84B00-1262-095D-6FC9-33B31C35DFFD"/>
</indexColumnUsage>
</ind_PK_UK>
</indexes>
</Table>