<?xml version = '1.0' encoding = 'UTF-8'?>
<Table class="oracle.dbtools.crest.model.design.relational.Table" directorySegmentName="seg_0" id="63E407CD-12AC-52A5-A3BB-79DF9D834EEA" name="TOUR_PARTICIPANT">
<createdBy>28776</createdBy>
<createdTime>2022-04-28 02:20:25 UTC</createdTime>
<generatorID>CAB1F06A-A330-7233-C92A-079DAD25BD2B</generatorID>
<ownerDesignName>wc_logical</ownerDesignName>
<allowColumnReorder>false</allowColumnReorder>
<existDependencyGenerateInDDl>true</existDependencyGenerateInDDl>
<parsed>true</parsed>
<columns itemClass="oracle.dbtools.crest.model.design.relational.Column">
<Column name="tour_participant_id" id="77325358-F8B6-AE49-CB72-F6D6702A68ED">
<createdBy>28776</createdBy>
<createdTime>2022-04-28 03:38:51 UTC</createdTime>
<commentInRDBMS><![CDATA[tour participant id]]></commentInRDBMS>
<generatorID>4675566F-669A-611F-3337-91428DCA264A</generatorID>
<ownerDesignName>wc_logical</ownerDesignName>
<useDomainConstraints>false</useDomainConstraints>
<use>1</use>
<logicalDatatype>LOGDT024</logicalDatatype>
<dataTypeSize>50</dataTypeSize>
<ownDataTypeParameters>50,,</ownDataTypeParameters>
<autoIncrementCycle>false</autoIncrementCycle>
</Column>
<Column name="pay_rece" id="8F047A8E-F313-06B7-6E41-7D1ECD2E2BC6">
<createdBy>28776</createdBy>
<createdTime>2022-04-28 02:20:25 UTC</createdTime>
<commentInRDBMS><![CDATA[the payment received]]></commentInRDBMS>
<generatorID>A8A7697F-45CD-E2A4-18A2-5AC0F169072D</generatorID>
<ownerDesignName>wc_logical</ownerDesignName>
<useDomainConstraints>false</useDomainConstraints>
<use>1</use>
<logicalDatatype>LOGDT024</logicalDatatype>
<dataTypeSize>50</dataTypeSize>
<ownDataTypeParameters>50,,</ownDataTypeParameters>
<autoIncrementCycle>false</autoIncrementCycle>
</Column>
<Column name="tour_date" id="27DC3823-6777-C037-41FD-D7A8CC5AB463">
<createdBy>28776</createdBy>
<createdTime>2022-04-28 02:20:25 UTC</createdTime>
<commentInRDBMS><![CDATA[tour date]]></commentInRDBMS>
<generatorID>2CA8827F-329A-AF12-C877-E559987646B3</generatorID>
<ownerDesignName>wc_logical</ownerDesignName>
<useDomainConstraints>false</useDomainConstraints>
<use>1</use>
<logicalDatatype>LOGDT007</logicalDatatype>
<ownDataTypeParameters>,,</ownDataTypeParameters>
<previousColumn>false</previousColumn>
<autoIncrementCycle>false</autoIncrementCycle>
<associations>
<colAssociation fkAssociation="3E0D4D0C-E23D-FF13-C0E1-07D407A17AD9" referredColumn="542FC779-E2D8-49CD-C6FC-6A2689F21E07"/>
</associations>
</Column>
<Column name="tour_no" id="FC0B9E8F-FD97-11F1-4095-8062302BDDD1">
<createdBy>28776</createdBy>
<createdTime>2022-04-28 02:20:25 UTC</createdTime>
<commentInRDBMS><![CDATA[the tour number]]></commentInRDBMS>
<generatorID>3708858D-0234-596B-715A-7EE19DB8D54A</generatorID>
<ownerDesignName>wc_logical</ownerDesignName>
<useDomainConstraints>false</useDomainConstraints>
<use>1</use>
<logicalDatatype>LOGDT019</logicalDatatype>
<dataTypePrecision>9</dataTypePrecision>
<ownDataTypeParameters>,,</ownDataTypeParameters>
<previousColumn>false</previousColumn>
<autoIncrementCycle>false</autoIncrementCycle>
<associations>
<colAssociation fkAssociation="3E0D4D0C-E23D-FF13-C0E1-07D407A17AD9" referredColumn="D0A84B00-1262-095D-6FC9-33B31C35DFFD"/>
</associations>
</Column>
<Column name="cruise_id" id="47748579-B0BE-6D44-CB05-05E33965E4FB">
<createdBy>28776</createdBy>
<createdTime>2022-04-28 02:20:25 UTC</createdTime>
<commentInRDBMS><![CDATA[cruise id]]></commentInRDBMS>
<generatorID>7367C8D1-1EA9-6749-769A-A82CFFB989C6</generatorID>
<ownerDesignName>wc_logical</ownerDesignName>
<useDomainConstraints>false</useDomainConstraints>
<use>1</use>
<logicalDatatype>LOGDT019</logicalDatatype>
<dataTypePrecision>9</dataTypePrecision>
<ownDataTypeParameters>,,</ownDataTypeParameters>
<previousColumn>false</previousColumn>
<autoIncrementCycle>false</autoIncrementCycle>
<associations>
<colAssociation fkAssociation="CB7A3065-AB35-2CB4-3443-A259A184FEED" referredColumn="22AE02B8-8503-C4C3-ADD6-DBD47EF959DE"/>
</associations>
</Column>
<Column name="cruise_name" id="E9903E19-A31D-A9FE-DB47-8367293E2E5A">
<createdBy>28776</createdBy>
<createdTime>2022-04-28 02:20:25 UTC</createdTime>
<commentInRDBMS><![CDATA[cruise name]]></commentInRDBMS>
<generatorID>2C032788-A321-EF4F-A9CE-C50769D6AD0D</generatorID>
<ownerDesignName>wc_logical</ownerDesignName>
<useDomainConstraints>false</useDomainConstraints>
<use>1</use>
<logicalDatatype>LOGDT024</logicalDatatype>
<dataTypeSize>50</dataTypeSize>
<ownDataTypeParameters>,,</ownDataTypeParameters>
<previousColumn>false</previousColumn>
<autoIncrementCycle>false</autoIncrementCycle>
<associations>
<colAssociation fkAssociation="CB7A3065-AB35-2CB4-3443-A259A184FEED" referredColumn="A328E7B4-F09F-90CF-05DB-12634A46F282"/>
</associations>
</Column>
<Column name="passedger_id" id="A0DDF6FE-F7BA-F212-AACA-73981E7484A1">
<createdBy>28776</createdBy>
<createdTime>2022-04-28 02:20:25 UTC</createdTime>
<commentInRDBMS><![CDATA[passedger id]]></commentInRDBMS>
<generatorID>B19DCFC8-DC78-3941-AA31-43A1CE8A2DFC</generatorID>
<ownerDesignName>wc_logical</ownerDesignName>
<useDomainConstraints>false</useDomainConstraints>
<use>1</use>
<logicalDatatype>LOGDT019</logicalDatatype>
<dataTypePrecision>9</dataTypePrecision>
<ownDataTypeParameters>,,</ownDataTypeParameters>
<previousColumn>false</previousColumn>
<autoIncrementCycle>false</autoIncrementCycle>
<associations>
<colAssociation fkAssociation="23F06361-BB83-85CE-1566-FABBD7190871" referredColumn="C723E093-A995-7E06-2A6C-D44ABE1CEB93"/>
</associations>
</Column>
</columns>
<indexes itemClass="oracle.dbtools.crest.model.design.relational.Index">
<ind_PK_UK id="081EA5C4-FEB0-9C6D-1254-462F13801FFB" name="TOUR_PARTICIPANT_PK">
<createdBy>28776</createdBy>
<createdTime>2022-04-28 02:20:25 UTC</createdTime>
<generatorID>A5BA42EF-DFBF-5154-A8A2-69CB5EAAC428</generatorID>
<ownerDesignName>wc_logical</ownerDesignName>
<pk>true</pk>
<indexState>Primary Constraint</indexState>
<isSurrogateKey>false</isSurrogateKey>
<indexColumnUsage>
<colUsage columnID="77325358-F8B6-AE49-CB72-F6D6702A68ED"/>
</indexColumnUsage>
</ind_PK_UK>
<ind_PK_UK id="6EDA1E1E-1399-F207-7CE3-EA4A024ED919" name="cruise_tour_participant">
<createdBy>28776</createdBy>
<createdTime>2022-04-28 02:20:25 UTC</createdTime>
<generatorID>5EBDE7A1-019D-25B1-35CD-FBFAF975D6BD</generatorID>
<ownerDesignName>wc_logical</ownerDesignName>
<indexState>Foreign Key</indexState>
<isSurrogateKey>false</isSurrogateKey>
<indexColumnUsage>
<colUsage columnID="47748579-B0BE-6D44-CB05-05E33965E4FB"/>
<colUsage columnID="E9903E19-A31D-A9FE-DB47-8367293E2E5A"/>
</indexColumnUsage>
</ind_PK_UK>
<ind_PK_UK id="E491EA98-54EA-29F2-D9E4-22571F788146" name="passenger">
<createdBy>28776</createdBy>
<createdTime>2022-04-28 02:20:25 UTC</createdTime>
<generatorID>958FBD69-D80B-A558-C244-DA8042BC3E58</generatorID>
<ownerDesignName>wc_logical</ownerDesignName>
<indexState>Foreign Key</indexState>
<isSurrogateKey>false</isSurrogateKey>
<indexColumnUsage>
<colUsage columnID="A0DDF6FE-F7BA-F212-AACA-73981E7484A1"/>
</indexColumnUsage>
</ind_PK_UK>
<ind_PK_UK id="5D5BDB5B-C897-9E81-4BA9-C44D3B283369" name="port_tour_participant">
<createdBy>28776</createdBy>
<createdTime>2022-04-28 02:20:25 UTC</createdTime>
<generatorID>760B92E6-3581-08F2-2A4E-2399252B98DE</generatorID>
<ownerDesignName>wc_logical</ownerDesignName>
<indexState>Foreign Key</indexState>
<isSurrogateKey>false</isSurrogateKey>
<indexColumnUsage>
<colUsage columnID="27DC3823-6777-C037-41FD-D7A8CC5AB463"/>
<colUsage columnID="FC0B9E8F-FD97-11F1-4095-8062302BDDD1"/>
</indexColumnUsage>
</ind_PK_UK>
</indexes>
</Table>