<?xml version = '1.0' encoding = 'UTF-8'?>
<Table class="oracle.dbtools.crest.model.design.relational.Table" directorySegmentName="seg_0" id="A23B1710-3564-52E1-9599-97C134C16A0E" name="PASSENGER">
<createdBy>28776</createdBy>
<createdTime>2022-04-28 02:20:25 UTC</createdTime>
<generatorID>561B5AF3-3BB8-1067-1837-A9067EB61594</generatorID>
<ownerDesignName>wc_logical</ownerDesignName>
<allowColumnReorder>false</allowColumnReorder>
<existDependencyGenerateInDDl>true</existDependencyGenerateInDDl>
<parsed>true</parsed>
<columns itemClass="oracle.dbtools.crest.model.design.relational.Column">
<Column name="passedger_id" id="C723E093-A995-7E06-2A6C-D44ABE1CEB93">
<createdBy>28776</createdBy>
<createdTime>2022-04-28 02:20:25 UTC</createdTime>
<commentInRDBMS><![CDATA[passedger id]]></commentInRDBMS>
<generatorID>A08EA09F-8B14-74A9-BD06-1FFF2CA4AB95</generatorID>
<ownerDesignName>wc_logical</ownerDesignName>
<useDomainConstraints>false</useDomainConstraints>
<use>1</use>
<logicalDatatype>LOGDT019</logicalDatatype>
<dataTypePrecision>9</dataTypePrecision>
<ownDataTypeParameters>,9,</ownDataTypeParameters>
<autoIncrementCycle>false</autoIncrementCycle>
</Column>
<Column name="passedger_first_name" id="2A4D0B8D-78A4-1F36-1293-514C8DBF0D34">
<createdBy>28776</createdBy>
<createdTime>2022-04-28 02:20:25 UTC</createdTime>
<commentInRDBMS><![CDATA[passedger first name]]></commentInRDBMS>
<generatorID>415EE93D-9DD0-5B73-B13B-21E8B4D17A13</generatorID>
<ownerDesignName>wc_logical</ownerDesignName>
<useDomainConstraints>false</useDomainConstraints>
<use>1</use>
<logicalDatatype>LOGDT024</logicalDatatype>
<dataTypeSize>50</dataTypeSize>
<ownDataTypeParameters>50,,</ownDataTypeParameters>
<autoIncrementCycle>false</autoIncrementCycle>
</Column>
<Column name="passedger_last_name" id="0477D125-F2E0-49CE-C952-BE52C733D94A">
<createdBy>28776</createdBy>
<createdTime>2022-04-28 02:20:25 UTC</createdTime>
<commentInRDBMS><![CDATA[passedger last name]]></commentInRDBMS>
<generatorID>E465B4D2-75D3-A461-A618-FB03B4745FFD</generatorID>
<ownerDesignName>wc_logical</ownerDesignName>
<useDomainConstraints>false</useDomainConstraints>
<use>1</use>
<logicalDatatype>LOGDT024</logicalDatatype>
<dataTypeSize>50</dataTypeSize>
<ownDataTypeParameters>50,,</ownDataTypeParameters>
<autoIncrementCycle>false</autoIncrementCycle>
</Column>
<Column name="passedger_gender" id="0F7FA1B3-9D23-6949-2564-D6016A26B527">
<createdBy>28776</createdBy>
<createdTime>2022-04-28 02:20:25 UTC</createdTime>
<commentInRDBMS><![CDATA[passedger gender]]></commentInRDBMS>
<generatorID>EA535263-CA9C-A99F-37D0-9B9A22C024E4</generatorID>
<ownerDesignName>wc_logical</ownerDesignName>
<useDomainConstraints>false</useDomainConstraints>
<use>1</use>
<logicalDatatype>LOGDT024</logicalDatatype>
<dataTypeSize>50</dataTypeSize>
<ownDataTypeParameters>50,,</ownDataTypeParameters>
<autoIncrementCycle>false</autoIncrementCycle>
</Column>
<Column name="passedger_birth" id="E003EB40-F888-E4D4-CCD8-60FB82808671">
<createdBy>28776</createdBy>
<createdTime>2022-04-28 02:20:25 UTC</createdTime>
<commentInRDBMS><![CDATA[passedger birth]]></commentInRDBMS>
<generatorID>5D587C36-0A59-3134-441F-4C96679540AB</generatorID>
<ownerDesignName>wc_logical</ownerDesignName>
<useDomainConstraints>false</useDomainConstraints>
<use>1</use>
<logicalDatatype>LOGDT024</logicalDatatype>
<dataTypeSize>50</dataTypeSize>
<ownDataTypeParameters>50,,</ownDataTypeParameters>
<autoIncrementCycle>false</autoIncrementCycle>
</Column>
<Column name="passedger_guardian" id="5AEF2997-7412-1153-4A0E-EDA7A2D6A75C">
<createdBy>28776</createdBy>
<createdTime>2022-04-28 02:20:25 UTC</createdTime>
<commentInRDBMS><![CDATA[passedger guardian]]></commentInRDBMS>
<generatorID>EE38F70C-83F6-2BE6-2A2D-94DE47E8D5D2</generatorID>
<ownerDesignName>wc_logical</ownerDesignName>
<useDomainConstraints>false</useDomainConstraints>
<use>1</use>
<logicalDatatype>LOGDT024</logicalDatatype>
<dataTypeSize>50</dataTypeSize>
<ownDataTypeParameters>50,,</ownDataTypeParameters>
<autoIncrementCycle>false</autoIncrementCycle>
</Column>
<Column name="phone_number" id="7890F69C-84F6-2BFF-7810-6EABF9EC924F">
<createdBy>28776</createdBy>
<createdTime>2022-04-28 02:20:25 UTC</createdTime>
<commentInRDBMS><![CDATA[the phone number of passenger]]></commentInRDBMS>
<generatorID>9AFA19C3-2A9B-8EAD-F145-E5159FB2DA03</generatorID>
<ownerDesignName>wc_logical</ownerDesignName>
<nullsAllowed>true</nullsAllowed>
<useDomainConstraints>false</useDomainConstraints>
<use>1</use>
<logicalDatatype>LOGDT019</logicalDatatype>
<dataTypePrecision>9</dataTypePrecision>
<ownDataTypeParameters>,9,</ownDataTypeParameters>
<autoIncrementCycle>false</autoIncrementCycle>
</Column>
<Column name="address_id" id="DD8DDAD7-BBAB-0F3D-A44E-A35387F47258">
<createdBy>28776</createdBy>
<createdTime>2022-04-28 02:20:25 UTC</createdTime>
<commentInRDBMS><![CDATA[surrogate key, the id of address]]></commentInRDBMS>
<generatorID>434F5D74-A6CB-0275-7251-B9839A4AC34C</generatorID>
<ownerDesignName>wc_logical</ownerDesignName>
<useDomainConstraints>false</useDomainConstraints>
<use>1</use>
<logicalDatatype>LOGDT019</logicalDatatype>
<dataTypePrecision>9</dataTypePrecision>
<ownDataTypeParameters>,9,</ownDataTypeParameters>
<previousColumn>false</previousColumn>
<autoIncrementCycle>false</autoIncrementCycle>
<associations>
<colAssociation fkAssociation="24752D79-3342-7D98-D6AB-401C4B848248" referredColumn="301C1F0A-2546-B513-D50F-7F02A344847E"/>
</associations>
</Column>
<Column name="prin_langu" id="D70916B0-B53A-6462-E405-FCE64C461B07">
<createdBy>28776</createdBy>
<createdTime>2022-04-28 02:20:25 UTC</createdTime>
<commentInRDBMS><![CDATA[passenger print language]]></commentInRDBMS>
<generatorID>D65FB107-73F6-AD38-DD25-D047739942AE</generatorID>
<ownerDesignName>wc_logical</ownerDesignName>
<useDomainConstraints>false</useDomainConstraints>
<use>1</use>
<logicalDatatype>LOGDT024</logicalDatatype>
<dataTypeSize>50</dataTypeSize>
<ownDataTypeParameters>50,,</ownDataTypeParameters>
<autoIncrementCycle>false</autoIncrementCycle>
</Column>
</columns>
<indexes itemClass="oracle.dbtools.crest.model.design.relational.Index">
<ind_PK_UK id="BB24575F-FD69-4913-0AF7-5A5C0347787E" name="PASSENGER_PK">
<createdBy>28776</createdBy>
<createdTime>2022-04-28 02:20:25 UTC</createdTime>
<generatorID>1EA873B6-5EB5-9870-4486-ADB2E0FE426D</generatorID>
<ownerDesignName>wc_logical</ownerDesignName>
<pk>true</pk>
<indexState>Primary Constraint</indexState>
<isSurrogateKey>false</isSurrogateKey>
<indexColumnUsage>
<colUsage columnID="C723E093-A995-7E06-2A6C-D44ABE1CEB93"/>
</indexColumnUsage>
</ind_PK_UK>
<ind_PK_UK id="79126901-BB91-A38C-759B-9CA84ADE2F7B" name="address_passenger">
<createdBy>28776</createdBy>
<createdTime>2022-04-28 02:20:25 UTC</createdTime>
<generatorID>4BF1C4AB-CE46-ECEA-66E0-957B40722960</generatorID>
<ownerDesignName>wc_logical</ownerDesignName>
<indexState>Foreign Key</indexState>
<isSurrogateKey>false</isSurrogateKey>
<indexColumnUsage>
<colUsage columnID="DD8DDAD7-BBAB-0F3D-A44E-A35387F47258"/>
</indexColumnUsage>
</ind_PK_UK>
</indexes>
</Table>