<?xml version = '1.0' encoding = 'UTF-8'?>
<Table class="oracle.dbtools.crest.model.design.relational.Table" directorySegmentName="seg_0" id="A24A1CFF-B153-14E4-0EB7-5FF70B7D30F9" name="CRUISE_PORT">
<createdBy>28776</createdBy>
<createdTime>2022-04-28 02:20:25 UTC</createdTime>
<generatorID>A37F9206-D645-67B3-E4B2-480DEB9E2A4C</generatorID>
<ownerDesignName>wc_logical</ownerDesignName>
<allowColumnReorder>false</allowColumnReorder>
<existDependencyGenerateInDDl>true</existDependencyGenerateInDDl>
<parsed>true</parsed>
<columns itemClass="oracle.dbtools.crest.model.design.relational.Column">
<Column name="departure_time" id="DF545D14-A9D6-1844-6F95-1ED31093A3A3">
<createdBy>28776</createdBy>
<createdTime>2022-04-28 02:20:25 UTC</createdTime>
<commentInRDBMS><![CDATA[departure time]]></commentInRDBMS>
<generatorID>FFD40461-BE6B-B7E6-5874-411EB72ADE3A</generatorID>
<ownerDesignName>wc_logical</ownerDesignName>
<useDomainConstraints>false</useDomainConstraints>
<use>1</use>
<logicalDatatype>LOGDT024</logicalDatatype>
<dataTypeSize>50</dataTypeSize>
<ownDataTypeParameters>50,,</ownDataTypeParameters>
<autoIncrementCycle>false</autoIncrementCycle>
</Column>
<Column name="arrival_time" id="B90BAD39-7101-35D9-2A11-04B961C39A21">
<createdBy>28776</createdBy>
<createdTime>2022-04-28 02:20:25 UTC</createdTime>
<commentInRDBMS><![CDATA[arrival time]]></commentInRDBMS>
<generatorID>407029CA-3A93-0A84-A32E-1EF1EB770523</generatorID>
<ownerDesignName>wc_logical</ownerDesignName>
<nullsAllowed>true</nullsAllowed>
<useDomainConstraints>false</useDomainConstraints>
<use>1</use>
<logicalDatatype>LOGDT024</logicalDatatype>
<dataTypeSize>50</dataTypeSize>
<ownDataTypeParameters>50,,</ownDataTypeParameters>
<autoIncrementCycle>false</autoIncrementCycle>
</Column>
<Column name="port_code" id="80CD667B-3012-2080-62AB-A707D1B1CFAD">
<createdBy>28776</createdBy>
<createdTime>2022-04-28 02:20:25 UTC</createdTime>
<commentInRDBMS><![CDATA[port code]]></commentInRDBMS>
<generatorID>B4654011-ACB8-61C4-6166-C324EFCC466F</generatorID>
<ownerDesignName>wc_logical</ownerDesignName>
<useDomainConstraints>false</useDomainConstraints>
<use>1</use>
<logicalDatatype>LOGDT024</logicalDatatype>
<dataTypeSize>50</dataTypeSize>
<ownDataTypeParameters>50,,</ownDataTypeParameters>
<previousColumn>false</previousColumn>
<autoIncrementCycle>false</autoIncrementCycle>
<associations>
<colAssociation fkAssociation="6E79C777-3F96-34A3-2C7D-D1EF49757D72" referredColumn="DAAAFD02-19DD-434B-70ED-7603D97ED6A7"/>
</associations>
</Column>
<Column name="cruise_id" id="76FB513D-BEB5-41D3-5A27-DCE48A00BFBD">
<createdBy>28776</createdBy>
<createdTime>2022-04-28 02:20:25 UTC</createdTime>
<commentInRDBMS><![CDATA[cruise id]]></commentInRDBMS>
<generatorID>8CE9D3FE-E719-1312-048C-40CBAF21D987</generatorID>
<ownerDesignName>wc_logical</ownerDesignName>
<useDomainConstraints>false</useDomainConstraints>
<use>1</use>
<logicalDatatype>LOGDT019</logicalDatatype>
<dataTypePrecision>9</dataTypePrecision>
<ownDataTypeParameters>,9,</ownDataTypeParameters>
<previousColumn>false</previousColumn>
<autoIncrementCycle>false</autoIncrementCycle>
<associations>
<colAssociation fkAssociation="8D28CD8D-D000-22A6-7DD4-E4EE665EF8F8" referredColumn="22AE02B8-8503-C4C3-ADD6-DBD47EF959DE"/>
</associations>
</Column>
<Column name="cruise_name" id="E01C2FE7-9689-BD3A-5F82-31376D2FA59E">
<createdBy>28776</createdBy>
<createdTime>2022-04-28 02:20:25 UTC</createdTime>
<commentInRDBMS><![CDATA[cruise name]]></commentInRDBMS>
<generatorID>84B7B221-4555-B388-18AF-739CBDC80992</generatorID>
<ownerDesignName>wc_logical</ownerDesignName>
<useDomainConstraints>false</useDomainConstraints>
<use>1</use>
<logicalDatatype>LOGDT024</logicalDatatype>
<dataTypeSize>50</dataTypeSize>
<ownDataTypeParameters>50,,</ownDataTypeParameters>
<previousColumn>false</previousColumn>
<autoIncrementCycle>false</autoIncrementCycle>
<associations>
<colAssociation fkAssociation="8D28CD8D-D000-22A6-7DD4-E4EE665EF8F8" referredColumn="A328E7B4-F09F-90CF-05DB-12634A46F282"/>
</associations>
</Column>
</columns>
<indexes itemClass="oracle.dbtools.crest.model.design.relational.Index">
<ind_PK_UK id="1CCC8229-E1AD-F7D3-216F-F3CCED939607" name="CRUISE_PORT_PK">
<createdBy>28776</createdBy>
<createdTime>2022-04-28 02:20:25 UTC</createdTime>
<generatorID>59051B12-2863-4600-212F-75978B404DF7</generatorID>
<ownerDesignName>wc_logical</ownerDesignName>
<pk>true</pk>
<indexState>Primary Constraint</indexState>
<isSurrogateKey>false</isSurrogateKey>
<indexColumnUsage>
<colUsage columnID="DF545D14-A9D6-1844-6F95-1ED31093A3A3"/>
<colUsage columnID="80CD667B-3012-2080-62AB-A707D1B1CFAD"/>
<colUsage columnID="76FB513D-BEB5-41D3-5A27-DCE48A00BFBD"/>
<colUsage columnID="E01C2FE7-9689-BD3A-5F82-31376D2FA59E"/>
</indexColumnUsage>
</ind_PK_UK>
<ind_PK_UK id="5BF8A7BC-B621-E155-4C7E-B3ED2AA470AD" name="cruise_cruise_port">
<createdBy>28776</createdBy>
<createdTime>2022-04-28 02:20:25 UTC</createdTime>
<generatorID>C1380422-78D1-0095-22C2-C01F9500550F</generatorID>
<ownerDesignName>wc_logical</ownerDesignName>
<indexState>Foreign Key</indexState>
<isSurrogateKey>false</isSurrogateKey>
<indexColumnUsage>
<colUsage columnID="76FB513D-BEB5-41D3-5A27-DCE48A00BFBD"/>
<colUsage columnID="E01C2FE7-9689-BD3A-5F82-31376D2FA59E"/>
</indexColumnUsage>
</ind_PK_UK>
<ind_PK_UK id="E4877A97-4A71-3C92-9285-B0B07F9BA7F6" name="port_cruise_port">
<createdBy>28776</createdBy>
<createdTime>2022-04-28 02:20:25 UTC</createdTime>
<generatorID>0D70143A-A117-2C9C-2FB1-2C95E86F7E94</generatorID>
<ownerDesignName>wc_logical</ownerDesignName>
<indexState>Foreign Key</indexState>
<isSurrogateKey>false</isSurrogateKey>
<indexColumnUsage>
<colUsage columnID="80CD667B-3012-2080-62AB-A707D1B1CFAD"/>
</indexColumnUsage>
</ind_PK_UK>
</indexes>
</Table>