<?xml version = '1.0' encoding = 'UTF-8'?>
<Table class="oracle.dbtools.crest.model.design.relational.Table" directorySegmentName="seg_0" id="C413E772-F0EF-2B2E-ED2F-100977AA3922" name="LANUGE">
<createdBy>28776</createdBy>
<createdTime>2022-04-28 02:20:25 UTC</createdTime>
<generatorID>BBF47040-189A-BA84-B6FE-45515D8F7234</generatorID>
<ownerDesignName>wc_logical</ownerDesignName>
<allowColumnReorder>false</allowColumnReorder>
<existDependencyGenerateInDDl>true</existDependencyGenerateInDDl>
<parsed>true</parsed>
<columns itemClass="oracle.dbtools.crest.model.design.relational.Column">
<Column name="commentary_languages" id="2CE00275-7692-81B9-A1B4-070D7F7C13FF">
<createdBy>28776</createdBy>
<createdTime>2022-04-28 02:20:25 UTC</createdTime>
<commentInRDBMS><![CDATA[the commentary languages of tour]]></commentInRDBMS>
<generatorID>E3E1C83E-7FFB-90D5-5611-C0F26350747F</generatorID>
<ownerDesignName>wc_logical</ownerDesignName>
<useDomainConstraints>false</useDomainConstraints>
<use>1</use>
<logicalDatatype>LOGDT024</logicalDatatype>
<dataTypeSize>50</dataTypeSize>
<ownDataTypeParameters>50,,</ownDataTypeParameters>
<autoIncrementCycle>false</autoIncrementCycle>
</Column>
<Column name="passedger_id" id="CF752476-D862-0638-FAE5-DDE321485F1E">
<createdBy>28776</createdBy>
<createdTime>2022-04-28 02:20:25 UTC</createdTime>
<commentInRDBMS><![CDATA[passedger id]]></commentInRDBMS>
<generatorID>8AC28D23-A9AE-2E28-B4EB-64F47C4C1EB0</generatorID>
<ownerDesignName>wc_logical</ownerDesignName>
<useDomainConstraints>false</useDomainConstraints>
<use>1</use>
<logicalDatatype>LOGDT019</logicalDatatype>
<dataTypePrecision>9</dataTypePrecision>
<ownDataTypeParameters>,9,</ownDataTypeParameters>
<previousColumn>false</previousColumn>
<autoIncrementCycle>false</autoIncrementCycle>
<associations>
<colAssociation fkAssociation="4C7D60BF-69F8-3179-9733-0C87580C8DCA" referredColumn="C723E093-A995-7E06-2A6C-D44ABE1CEB93"/>
</associations>
</Column>
</columns>
<indexes itemClass="oracle.dbtools.crest.model.design.relational.Index">
<ind_PK_UK id="5853BED8-627C-1A17-BAD3-CE991E2A38F3" name="LUNGE_PK">
<createdBy>28776</createdBy>
<createdTime>2022-04-28 02:20:25 UTC</createdTime>
<generatorID>20B1FF2F-E90D-F6D9-D686-B1A3F8A57F56</generatorID>
<ownerDesignName>wc_logical</ownerDesignName>
<pk>true</pk>
<indexState>Primary Constraint</indexState>
<isSurrogateKey>false</isSurrogateKey>
<indexColumnUsage>
<colUsage columnID="CF752476-D862-0638-FAE5-DDE321485F1E"/>
<colUsage columnID="2CE00275-7692-81B9-A1B4-070D7F7C13FF"/>
</indexColumnUsage>
</ind_PK_UK>
<ind_PK_UK id="A0A09631-49B5-467A-EC5A-DDD6D6833580" name="passengerv2">
<createdBy>28776</createdBy>
<createdTime>2022-04-28 02:20:25 UTC</createdTime>
<generatorID>7F97E0A1-C667-80E8-0EEE-05E58D630286</generatorID>
<ownerDesignName>wc_logical</ownerDesignName>
<indexState>Foreign Key</indexState>
<isSurrogateKey>false</isSurrogateKey>
<indexColumnUsage>
<colUsage columnID="CF752476-D862-0638-FAE5-DDE321485F1E"/>
</indexColumnUsage>
</ind_PK_UK>
</indexes>
</Table>