<?xml version = '1.0' encoding = 'UTF-8'?>
<Table class="oracle.dbtools.crest.model.design.relational.Table" directorySegmentName="seg_0" id="C7E226C2-BF30-7DF2-9DEC-CD339A0B4BD4" name="PORT">
<createdBy>28776</createdBy>
<createdTime>2022-04-28 02:20:25 UTC</createdTime>
<generatorID>6FADEDE2-BB33-BBA0-1E57-EF7D88ACE39F</generatorID>
<ownerDesignName>wc_logical</ownerDesignName>
<allowColumnReorder>false</allowColumnReorder>
<existDependencyGenerateInDDl>true</existDependencyGenerateInDDl>
<parsed>true</parsed>
<columns itemClass="oracle.dbtools.crest.model.design.relational.Column">
<Column name="port_code" id="DAAAFD02-19DD-434B-70ED-7603D97ED6A7">
<createdBy>28776</createdBy>
<createdTime>2022-04-28 02:20:25 UTC</createdTime>
<commentInRDBMS><![CDATA[port code]]></commentInRDBMS>
<generatorID>279D05E3-D1BE-2881-439D-C3B7DF5CE46F</generatorID>
<ownerDesignName>wc_logical</ownerDesignName>
<useDomainConstraints>false</useDomainConstraints>
<use>1</use>
<logicalDatatype>LOGDT024</logicalDatatype>
<dataTypeSize>50</dataTypeSize>
<ownDataTypeParameters>50,,</ownDataTypeParameters>
<autoIncrementCycle>false</autoIncrementCycle>
</Column>
<Column name="port_name" id="A9976898-AEBA-E3F6-2E64-6012FFC1E423">
<createdBy>28776</createdBy>
<createdTime>2022-04-28 02:20:25 UTC</createdTime>
<commentInRDBMS><![CDATA[port name]]></commentInRDBMS>
<generatorID>0E11204D-7986-0661-76FF-23099EA26403</generatorID>
<ownerDesignName>wc_logical</ownerDesignName>
<useDomainConstraints>false</useDomainConstraints>
<use>1</use>
<logicalDatatype>LOGDT024</logicalDatatype>
<dataTypeSize>50</dataTypeSize>
<ownDataTypeParameters>50,,</ownDataTypeParameters>
<autoIncrementCycle>false</autoIncrementCycle>
</Column>
<Column name="port_country" id="56D16E72-AA97-8B1B-575E-66F6300DB2D0">
<createdBy>28776</createdBy>
<createdTime>2022-04-28 02:20:25 UTC</createdTime>
<commentInRDBMS><![CDATA[port country]]></commentInRDBMS>
<generatorID>D8FD8A0A-AACC-9209-FE67-913226C05385</generatorID>
<ownerDesignName>wc_logical</ownerDesignName>
<useDomainConstraints>false</useDomainConstraints>
<use>1</use>
<logicalDatatype>LOGDT024</logicalDatatype>
<dataTypeSize>50</dataTypeSize>
<ownDataTypeParameters>50,,</ownDataTypeParameters>
<autoIncrementCycle>false</autoIncrementCycle>
</Column>
<Column name="port_population" id="33BB2C3F-AE18-CA2C-ABD3-6941B0F6C403">
<createdBy>28776</createdBy>
<createdTime>2022-04-28 02:20:25 UTC</createdTime>
<commentInRDBMS><![CDATA[port population]]></commentInRDBMS>
<generatorID>2CA57E70-2A44-6BE8-6E28-2F8272511460</generatorID>
<ownerDesignName>wc_logical</ownerDesignName>
<useDomainConstraints>false</useDomainConstraints>
<use>1</use>
<logicalDatatype>LOGDT024</logicalDatatype>
<dataTypeSize>50</dataTypeSize>
<ownDataTypeParameters>50,,</ownDataTypeParameters>
<autoIncrementCycle>false</autoIncrementCycle>
</Column>
<Column name="port_logitude" id="8AA09A7F-6CDE-8501-93FF-E94D84EC33FD">
<createdBy>28776</createdBy>
<createdTime>2022-04-28 02:20:25 UTC</createdTime>
<commentInRDBMS><![CDATA[port logitude range(-90~90)]]></commentInRDBMS>
<generatorID>E7B110E5-AD11-BA3E-F394-02EFFE5406B6</generatorID>
<ownerDesignName>wc_logical</ownerDesignName>
<useDomainConstraints>false</useDomainConstraints>
<use>1</use>
<logicalDatatype>LOGDT019</logicalDatatype>
<dataTypePrecision>90</dataTypePrecision>
<dataTypeScale>-90</dataTypeScale>
<ownDataTypeParameters>,90,-90</ownDataTypeParameters>
<autoIncrementCycle>false</autoIncrementCycle>
</Column>
<Column name="port_latitude" id="5E630F52-5874-5C05-5CA7-96A5C6246875">
<createdBy>28776</createdBy>
<createdTime>2022-04-28 02:20:25 UTC</createdTime>
<commentInRDBMS><![CDATA[port latitude range(-180~180)]]></commentInRDBMS>
<generatorID>6F33A0AC-F29D-FBFF-8EDA-6EEEAAEBE800</generatorID>
<ownerDesignName>wc_logical</ownerDesignName>
<useDomainConstraints>false</useDomainConstraints>
<use>1</use>
<logicalDatatype>LOGDT019</logicalDatatype>
<dataTypePrecision>180</dataTypePrecision>
<dataTypeScale>-180</dataTypeScale>
<ownDataTypeParameters>,180,-180</ownDataTypeParameters>
<autoIncrementCycle>false</autoIncrementCycle>
</Column>
<Column name="coun_code" id="9BDBB452-3CFB-9B32-7E0C-A2E32565EC8C">
<createdBy>28776</createdBy>
<createdTime>2022-04-28 02:20:25 UTC</createdTime>
<generatorID>653076E6-59B2-469C-95F0-CDDA1F84796E</generatorID>
<ownerDesignName>wc_logical</ownerDesignName>
<useDomainConstraints>false</useDomainConstraints>
<use>1</use>
<logicalDatatype>LOGDT019</logicalDatatype>
<dataTypePrecision>9</dataTypePrecision>
<ownDataTypeParameters>,9,</ownDataTypeParameters>
<previousColumn>false</previousColumn>
<autoIncrementCycle>false</autoIncrementCycle>
<associations>
<colAssociation fkAssociation="B95E700A-258C-019E-3A76-8E149D558CED" referredColumn="77DE5236-78E8-BAF4-B37D-A4ACE11E36FA"/>
</associations>
</Column>
</columns>
<indexes itemClass="oracle.dbtools.crest.model.design.relational.Index">
<ind_PK_UK id="9423D965-1AC8-6EFA-20DA-666F0BAF8C8D" name="PORT_PK">
<createdBy>28776</createdBy>
<createdTime>2022-04-28 02:20:25 UTC</createdTime>
<generatorID>6FA29046-558A-0B31-7BE0-142323333E93</generatorID>
<ownerDesignName>wc_logical</ownerDesignName>
<pk>true</pk>
<indexState>Primary Constraint</indexState>
<isSurrogateKey>false</isSurrogateKey>
<indexColumnUsage>
<colUsage columnID="DAAAFD02-19DD-434B-70ED-7603D97ED6A7"/>
</indexColumnUsage>
</ind_PK_UK>
<ind_PK_UK id="2126F2F6-B89A-A9C7-0371-56B714F94FB4" name="PORT__IDX">
<createdBy>28776</createdBy>
<createdTime>2022-04-28 02:20:25 UTC</createdTime>
<ownerDesignName>wc_logical</ownerDesignName>
<indexState>Unique Plain Index</indexState>
<isSurrogateKey>false</isSurrogateKey>
<relationGeneratorID>5BA19FE4-E3CF-9BEE-C91E-E696819F1FC1</relationGeneratorID>
<indexColumnUsage>
<colUsage columnID="9BDBB452-3CFB-9B32-7E0C-A2E32565EC8C"/>
</indexColumnUsage>
</ind_PK_UK>
<ind_PK_UK id="7546CC05-C6B2-B4BB-9435-4A6982E0FF7F" name="port_country">
<createdBy>28776</createdBy>
<createdTime>2022-04-28 02:20:25 UTC</createdTime>
<generatorID>5BA19FE4-E3CF-9BEE-C91E-E696819F1FC1</generatorID>
<ownerDesignName>wc_logical</ownerDesignName>
<indexState>Foreign Key</indexState>
<isSurrogateKey>false</isSurrogateKey>
<indexColumnUsage>
<colUsage columnID="9BDBB452-3CFB-9B32-7E0C-A2E32565EC8C"/>
</indexColumnUsage>
</ind_PK_UK>
</indexes>
</Table>