<?xml version = '1.0' encoding = 'UTF-8'?>
<Table class="oracle.dbtools.crest.model.design.relational.Table" directorySegmentName="seg_0" id="CDBE2D3F-CE6A-6B5E-550A-339FF1F16363" name="TOUR_LANU">
<createdBy>28776</createdBy>
<createdTime>2022-04-28 02:20:25 UTC</createdTime>
<generatorID>7214801F-DFC8-E4C1-A98A-2C163906E68D</generatorID>
<ownerDesignName>wc_logical</ownerDesignName>
<allowColumnReorder>false</allowColumnReorder>
<existDependencyGenerateInDDl>true</existDependencyGenerateInDDl>
<parsed>true</parsed>
<columns itemClass="oracle.dbtools.crest.model.design.relational.Column">
<Column name="tour_no" id="1469B398-E35D-B923-200C-F45492E27719">
<createdBy>28776</createdBy>
<createdTime>2022-04-28 02:20:25 UTC</createdTime>
<commentInRDBMS><![CDATA[the tour number]]></commentInRDBMS>
<generatorID>F8F39581-B166-868C-53BC-C784828E0DBC</generatorID>
<ownerDesignName>wc_logical</ownerDesignName>
<useDomainConstraints>false</useDomainConstraints>
<use>1</use>
<logicalDatatype>LOGDT019</logicalDatatype>
<dataTypePrecision>9</dataTypePrecision>
<ownDataTypeParameters>,9,</ownDataTypeParameters>
<previousColumn>false</previousColumn>
<autoIncrementCycle>false</autoIncrementCycle>
<associations>
<colAssociation fkAssociation="822DE085-8303-0C28-DF79-68FFB423823E" referredColumn="298A521A-71F6-062B-FAB4-EAD291997002"/>
</associations>
</Column>
<Column name="passedger_id" id="7FA7412F-7D16-8FB8-A6BA-479D5602F735">
<createdBy>28776</createdBy>
<createdTime>2022-04-28 02:20:25 UTC</createdTime>
<commentInRDBMS><![CDATA[passedger id]]></commentInRDBMS>
<generatorID>8FA2E1CD-8E2B-C4AB-4340-1BB2A874C408</generatorID>
<ownerDesignName>wc_logical</ownerDesignName>
<useDomainConstraints>false</useDomainConstraints>
<use>1</use>
<logicalDatatype>LOGDT019</logicalDatatype>
<dataTypePrecision>9</dataTypePrecision>
<ownDataTypeParameters>,9,</ownDataTypeParameters>
<previousColumn>false</previousColumn>
<autoIncrementCycle>false</autoIncrementCycle>
<associations>
<colAssociation fkAssociation="7A59D069-5226-39DD-064C-7A364E9C6C65" referredColumn="CF752476-D862-0638-FAE5-DDE321485F1E"/>
</associations>
</Column>
<Column name="commentary_languages" id="9C63918C-64EC-A747-9C42-ACA6466F4637">
<createdBy>28776</createdBy>
<createdTime>2022-04-28 02:20:25 UTC</createdTime>
<commentInRDBMS><![CDATA[the commentary languages of tour]]></commentInRDBMS>
<generatorID>DA1B9A19-A57F-7113-DF77-DFB7D12982E0</generatorID>
<ownerDesignName>wc_logical</ownerDesignName>
<useDomainConstraints>false</useDomainConstraints>
<use>1</use>
<logicalDatatype>LOGDT024</logicalDatatype>
<dataTypeSize>50</dataTypeSize>
<ownDataTypeParameters>50,,</ownDataTypeParameters>
<previousColumn>false</previousColumn>
<autoIncrementCycle>false</autoIncrementCycle>
<associations>
<colAssociation fkAssociation="7A59D069-5226-39DD-064C-7A364E9C6C65" referredColumn="2CE00275-7692-81B9-A1B4-070D7F7C13FF"/>
</associations>
</Column>
</columns>
<indexes itemClass="oracle.dbtools.crest.model.design.relational.Index">
<ind_PK_UK id="42E4AF15-3EB0-81CB-134E-885EBF774AD8" name="TOUR_LUNGE_PK">
<createdBy>28776</createdBy>
<createdTime>2022-04-28 02:20:25 UTC</createdTime>
<generatorID>197DB7D6-45FE-B67F-9EA1-88839FD964A7</generatorID>
<ownerDesignName>wc_logical</ownerDesignName>
<pk>true</pk>
<indexState>Primary Constraint</indexState>
<isSurrogateKey>false</isSurrogateKey>
<indexColumnUsage>
<colUsage columnID="1469B398-E35D-B923-200C-F45492E27719"/>
<colUsage columnID="7FA7412F-7D16-8FB8-A6BA-479D5602F735"/>
<colUsage columnID="9C63918C-64EC-A747-9C42-ACA6466F4637"/>
</indexColumnUsage>
</ind_PK_UK>
<ind_PK_UK id="0FCF7516-F44F-924B-5542-C287B745D696" name="lanuge_tour">
<createdBy>28776</createdBy>
<createdTime>2022-04-28 02:20:25 UTC</createdTime>
<generatorID>71834DD0-6E11-793A-0B1F-28597F2EAC61</generatorID>
<ownerDesignName>wc_logical</ownerDesignName>
<indexState>Foreign Key</indexState>
<isSurrogateKey>false</isSurrogateKey>
<indexColumnUsage>
<colUsage columnID="7FA7412F-7D16-8FB8-A6BA-479D5602F735"/>
<colUsage columnID="9C63918C-64EC-A747-9C42-ACA6466F4637"/>
</indexColumnUsage>
</ind_PK_UK>
<ind_PK_UK id="2FB31297-FC03-D49E-49EF-D3846021EA2F" name="tour_lanuge">
<createdBy>28776</createdBy>
<createdTime>2022-04-28 02:20:25 UTC</createdTime>
<generatorID>8C07FADB-4D91-676F-1566-E238547B7907</generatorID>
<ownerDesignName>wc_logical</ownerDesignName>
<indexState>Foreign Key</indexState>
<isSurrogateKey>false</isSurrogateKey>
<indexColumnUsage>
<colUsage columnID="1469B398-E35D-B923-200C-F45492E27719"/>
</indexColumnUsage>
</ind_PK_UK>
</indexes>
</Table>