<?xml version = '1.0' encoding = 'UTF-8'?>
<Table class="oracle.dbtools.crest.model.design.relational.Table" directorySegmentName="seg_0" id="E771BF7A-F2F3-F510-3383-71AE8F48D918" name="COUNTRY">
<createdBy>28776</createdBy>
<createdTime>2022-04-28 02:20:25 UTC</createdTime>
<generatorID>6E3C68D8-61EE-1084-F45C-3E3671F83CA7</generatorID>
<ownerDesignName>wc_logical</ownerDesignName>
<allowColumnReorder>false</allowColumnReorder>
<existDependencyGenerateInDDl>true</existDependencyGenerateInDDl>
<parsed>true</parsed>
<columns itemClass="oracle.dbtools.crest.model.design.relational.Column">
<Column name="coun_code" id="77DE5236-78E8-BAF4-B37D-A4ACE11E36FA">
<createdBy>28776</createdBy>
<createdTime>2022-04-28 02:20:25 UTC</createdTime>
<generatorID>D3180599-EAD2-2958-C947-C03EEB79AB88</generatorID>
<ownerDesignName>wc_logical</ownerDesignName>
<useDomainConstraints>false</useDomainConstraints>
<use>1</use>
<logicalDatatype>LOGDT019</logicalDatatype>
<dataTypePrecision>9</dataTypePrecision>
<ownDataTypeParameters>,9,</ownDataTypeParameters>
<autoIncrementCycle>false</autoIncrementCycle>
</Column>
<Column name="coun_name" id="D3061404-8E02-B516-385C-E92F2CDFB7A1">
<createdBy>28776</createdBy>
<createdTime>2022-04-28 02:20:25 UTC</createdTime>
<generatorID>356A699F-A119-D36A-075D-A8B803D7070B</generatorID>
<ownerDesignName>wc_logical</ownerDesignName>
<useDomainConstraints>false</useDomainConstraints>
<use>1</use>
<logicalDatatype>LOGDT024</logicalDatatype>
<dataTypeSize>50</dataTypeSize>
<ownDataTypeParameters>50,,</ownDataTypeParameters>
<autoIncrementCycle>false</autoIncrementCycle>
</Column>
</columns>
<indexes itemClass="oracle.dbtools.crest.model.design.relational.Index">
<ind_PK_UK id="4E423B6E-2DCB-B6E4-BED8-823BA1AD138E" name="COUNTRY_PK">
<createdBy>28776</createdBy>
<createdTime>2022-04-28 02:20:25 UTC</createdTime>
<generatorID>8B5DFF6C-56F3-FB06-D2E8-F652201A8544</generatorID>
<ownerDesignName>wc_logical</ownerDesignName>
<pk>true</pk>
<indexState>Primary Constraint</indexState>
<isSurrogateKey>false</isSurrogateKey>
<indexColumnUsage>
<colUsage columnID="77DE5236-78E8-BAF4-B37D-A4ACE11E36FA"/>
</indexColumnUsage>
</ind_PK_UK>
</indexes>
</Table>