<?xml version = '1.0' encoding = 'UTF-8'?>
<Diagram class="oracle.dbtools.crest.swingui.logical.DPVLogical" name="Logical" id="4F1A6D9E-4E71-041F-F10D-FF43BB369786">
<createdBy>lxie0014</createdBy>
<modifiedBy>lxie0014</modifiedBy>
<createdTime>2022-04-26 11:52:03 UTC</createdTime>
<autoRoute>false</autoRoute>
<boxInbox>true</boxInbox>
<showLegend>true</showLegend>
<showLabels>true</showLabels>
<showRelAttributes>false</showRelAttributes>
<gridEnabled>false</gridEnabled>
<showGrid>false</showGrid>
<diagramColor>-1</diagramColor>
<display>false</display>
<notation>2</notation>
<showAllDetails>false</showAllDetails>
<showElements>true</showElements>
<objectViews>
<OView class="oracle.dbtools.crest.swingui.TVLegend" oid="01BF6BB8-B2CC-E32C-4A24-3AB156E0AE79" otype="Legend" vid="388715C4-99EA-EC29-317A-F31590665A7D">
<hideElementsInCurrentOnly>false</hideElementsInCurrentOnly>
<bounds x="10" y="10" width="232" height="135"/>
</OView>
<OView class="oracle.dbtools.crest.swingui.logical.TVEntity" oid="561B5AF3-3BB8-1067-1837-A9067EB61594" otype="Entity" vid="B60FB210-2B6E-EB87-1412-A7BF0ACCDCEF">
<hideElementsInCurrentOnly>false</hideElementsInCurrentOnly>
<bounds x="1272" y="222" width="141" height="190"/>
</OView>
<OView class="oracle.dbtools.crest.swingui.logical.TVEntity" oid="5755C693-7A6D-5AC8-1A7D-CC1EA13460E9" otype="Entity" vid="CE062C01-4868-87E8-DF86-FEB1C88FB0D8">
<hideElementsInCurrentOnly>false</hideElementsInCurrentOnly>
<bounds x="534" y="593" width="128" height="112"/>
</OView>
<OView class="oracle.dbtools.crest.swingui.logical.TVEntity" oid="5AD7FDCB-8495-7F3C-7E1D-12D81978BC5F" otype="Entity" vid="D4BD9584-37B9-20A3-8476-32B8A413BFFC">
<hideElementsInCurrentOnly>false</hideElementsInCurrentOnly>
<bounds x="253" y="30" width="153" height="78"/>
</OView>
<OView class="oracle.dbtools.crest.swingui.logical.TVEntity" oid="6E3C68D8-61EE-1084-F45C-3E3671F83CA7" otype="Entity" vid="430ABB5C-97D3-5852-4633-FBE4D287DBFA">
<hideElementsInCurrentOnly>false</hideElementsInCurrentOnly>
<bounds x="1608" y="750" width="105" height="115"/>
</OView>
<OView class="oracle.dbtools.crest.swingui.logical.TVEntity" oid="6FADEDE2-BB33-BBA0-1E57-EF7D88ACE39F" otype="Entity" vid="3E702D3E-40CC-268A-B8F0-93ECFD38761F">
<hideElementsInCurrentOnly>false</hideElementsInCurrentOnly>
<bounds x="148" y="641" width="154" height="135"/>
</OView>
<OView class="oracle.dbtools.crest.swingui.logical.TVEntity" oid="7214801F-DFC8-E4C1-A98A-2C163906E68D" otype="Entity" vid="792EE77B-FF7B-1A0B-858B-05E2FD566EB4">
<hideElementsInCurrentOnly>false</hideElementsInCurrentOnly>
<bounds x="1138" y="591" width="105" height="101"/>
</OView>
<OView class="oracle.dbtools.crest.swingui.logical.TVEntity" oid="7E035682-B044-C273-6C72-846D39192803" otype="Entity" vid="BF6FB63E-2F78-3F03-6420-2E625B74A12E">
<hideElementsInCurrentOnly>false</hideElementsInCurrentOnly>
<bounds x="550" y="244" width="116" height="143"/>
</OView>
<OView class="oracle.dbtools.crest.swingui.logical.TVEntity" oid="7E918935-2557-665D-AA8D-B37F09917E02" otype="Entity" vid="41EBEFFB-4075-F7FD-1665-A74A1746F070">
<hideElementsInCurrentOnly>false</hideElementsInCurrentOnly>
<bounds x="1639" y="256" width="87" height="122"/>
</OView>
<OView class="oracle.dbtools.crest.swingui.logical.TVEntity" oid="877441BE-FF03-F617-7207-291A9E5476B9" otype="Entity" vid="D6280038-880C-CD91-437A-5DD1057F7E8A">
<hideElementsInCurrentOnly>false</hideElementsInCurrentOnly>
<bounds x="921" y="566" width="122" height="151"/>
</OView>
<OView class="oracle.dbtools.crest.swingui.logical.TVEntity" oid="9C4ACE50-044F-B780-EDEB-0A094B8E9850" otype="Entity" vid="76F726C3-2823-ADF1-7CEF-15E136FCDC83">
<hideElementsInCurrentOnly>false</hideElementsInCurrentOnly>
<bounds x="524" y="13" width="142" height="164"/>
</OView>
<OView class="oracle.dbtools.crest.swingui.logical.TVEntity" oid="A37F9206-D645-67B3-E4B2-480DEB9E2A4C" otype="Entity" vid="5CB0BC17-E60F-02C2-265C-11B6D9173A7C">
<hideElementsInCurrentOnly>false</hideElementsInCurrentOnly>
<bounds x="175" y="257" width="156" height="153"/>
</OView>
<OView class="oracle.dbtools.crest.swingui.logical.TVEntity" oid="BBF47040-189A-BA84-B6FE-45515D8F7234" otype="Entity" vid="238612EC-EC17-BCDD-CEFD-59852388F9F0">
<hideElementsInCurrentOnly>false</hideElementsInCurrentOnly>
<bounds x="1341" y="597" width="155" height="92"/>
</OView>
<OView class="oracle.dbtools.crest.swingui.logical.TVEntity" oid="CAB1F06A-A330-7233-C92A-079DAD25BD2B" otype="Entity" vid="B7675FF8-7782-68E0-E56B-61520B4318C3">
<hideElementsInCurrentOnly>false</hideElementsInCurrentOnly>
<bounds x="747" y="437" width="146" height="140"/>
</OView>
<OView class="oracle.dbtools.crest.swingui.logical.TVEntity" oid="CBB3484A-3BE8-BA01-0408-E5C060638DEE" otype="Entity" vid="79D4C18A-C5CD-7EDA-67CE-6DC79393B1A6">
<hideElementsInCurrentOnly>false</hideElementsInCurrentOnly>
<bounds x="142" y="857" width="144" height="88"/>
</OView>
<OView class="oracle.dbtools.crest.swingui.logical.TVEntity" oid="DFDBA712-DC6C-2FC2-8D5A-2F2A1C246EB4" otype="Entity" vid="4333863B-756C-97BD-2265-88768995051D">
<hideElementsInCurrentOnly>false</hideElementsInCurrentOnly>
<bounds x="801" y="26" width="127" height="118"/>
</OView>
<OView class="oracle.dbtools.crest.swingui.logical.TVEntity" oid="EF1F86FC-02E8-F596-FF88-D8CDB0E7CF3E" otype="Entity" vid="2D3EC7F0-3A2B-CAF3-CB31-06E07A959C12">
<hideElementsInCurrentOnly>false</hideElementsInCurrentOnly>
<bounds x="826" y="233" width="130" height="145"/>
</OView>
</objectViews>
<connectors>
<Connector class="oracle.dbtools.crest.swingui.logical.TVRelation" oid="08EE4908-0FC7-9045-1B4C-CC26D7E29E33" otype="Relation" vid_source="76F726C3-2823-ADF1-7CEF-15E136FCDC83" vid_target="4333863B-756C-97BD-2265-88768995051D">
<hideElementsInCurrentOnly>false</hideElementsInCurrentOnly>
<backgroundColor>-16777216</backgroundColor>
<lineWidth>1</lineWidth>
<sourceLabel class="oracle.dbtools.crest.model.design.Label">
<site>0</site>
<labelBounds x="676" y="53" width="55" height="32"/>
<noBackgroundColor>true</noBackgroundColor>
<noForegroundColor>true</noForegroundColor>
</sourceLabel>
<targetLabel class="oracle.dbtools.crest.model.design.Label">
<site>2</site>
<labelBounds x="777" y="88" width="18" height="32"/>
<noBackgroundColor>true</noBackgroundColor>
<noForegroundColor>true</noForegroundColor>
</targetLabel>
<points>
<point x="666" y="85"/>
<point x="801" y="85"/>
</points>
</Connector>
<Connector class="oracle.dbtools.crest.swingui.logical.TVRelation" oid="0D70143A-A117-2C9C-2FB1-2C95E86F7E94" otype="Relation" vid_source="3E702D3E-40CC-268A-B8F0-93ECFD38761F" vid_target="5CB0BC17-E60F-02C2-265C-11B6D9173A7C">
<hideElementsInCurrentOnly>false</hideElementsInCurrentOnly>
<backgroundColor>-16777216</backgroundColor>
<lineWidth>1</lineWidth>
<sourceLabel class="oracle.dbtools.crest.model.design.Label">
<site>0</site>
<labelBounds x="238" y="602" width="34" height="33"/>
<noBackgroundColor>true</noBackgroundColor>
<noForegroundColor>true</noForegroundColor>
</sourceLabel>
<targetLabel class="oracle.dbtools.crest.model.design.Label">
<site>2</site>
<labelBounds x="238" y="449" width="18" height="32"/>
<noBackgroundColor>true</noBackgroundColor>
<noForegroundColor>true</noForegroundColor>
</targetLabel>
<points>
<point x="238" y="641"/>
<point x="238" y="410"/>
</points>
</Connector>
<Connector class="oracle.dbtools.crest.swingui.logical.TVRelation" oid="104946E1-8B7A-BAB3-7E6F-069E96B41257" otype="Relation" vid_source="3E702D3E-40CC-268A-B8F0-93ECFD38761F" vid_target="CE062C01-4868-87E8-DF86-FEB1C88FB0D8">
<hideElementsInCurrentOnly>false</hideElementsInCurrentOnly>
<backgroundColor>-16777216</backgroundColor>
<lineWidth>1</lineWidth>
<sourceLabel class="oracle.dbtools.crest.model.design.Label">
<site>0</site>
<labelBounds x="312" y="642" width="51" height="31"/>
<noBackgroundColor>true</noBackgroundColor>
<noForegroundColor>true</noForegroundColor>
</sourceLabel>
<targetLabel class="oracle.dbtools.crest.model.design.Label">
<site>2</site>
<labelBounds x="510" y="676" width="18" height="31"/>
<noBackgroundColor>true</noBackgroundColor>
<noForegroundColor>true</noForegroundColor>
</targetLabel>
<points>
<point x="302" y="673"/>
<point x="534" y="673"/>
</points>
</Connector>
<Connector class="oracle.dbtools.crest.swingui.logical.TVRelation" oid="2C9440FE-AB7E-26B8-AC7A-48AE510A34B4" otype="Relation" vid_source="41EBEFFB-4075-F7FD-1665-A74A1746F070" vid_target="430ABB5C-97D3-5852-4633-FBE4D287DBFA">
<hideElementsInCurrentOnly>false</hideElementsInCurrentOnly>
<backgroundColor>-16777216</backgroundColor>
<lineWidth>1</lineWidth>
<sourceLabel class="oracle.dbtools.crest.model.design.Label">
<site>0</site>
<labelBounds x="1691" y="416" width="29" height="32"/>
<noBackgroundColor>true</noBackgroundColor>
<noForegroundColor>true</noForegroundColor>
</sourceLabel>
<targetLabel class="oracle.dbtools.crest.model.design.Label">
<site>2</site>
<labelBounds x="1691" y="714" width="18" height="30"/>
<noBackgroundColor>true</noBackgroundColor>
<noForegroundColor>true</noForegroundColor>
</targetLabel>
<points>
<point x="1691" y="378"/>
<point x="1691" y="750"/>
</points>
</Connector>
<Connector class="oracle.dbtools.crest.swingui.logical.TVRelation" oid="4A0D1C0A-763A-D8C6-F540-27AF404FBC5D" otype="Relation" vid_source="3E702D3E-40CC-268A-B8F0-93ECFD38761F" vid_target="79D4C18A-C5CD-7EDA-67CE-6DC79393B1A6">
<hideElementsInCurrentOnly>false</hideElementsInCurrentOnly>
<backgroundColor>-16777216</backgroundColor>
<lineWidth>1</lineWidth>
<sourceLabel class="oracle.dbtools.crest.model.design.Label">
<site>0</site>
<labelBounds x="217" y="828" width="31" height="30"/>
<noBackgroundColor>true</noBackgroundColor>
<noForegroundColor>true</noForegroundColor>
</sourceLabel>
<targetLabel class="oracle.dbtools.crest.model.design.Label">
<site>2</site>
<labelBounds x="217" y="821" width="21" height="30"/>
<noBackgroundColor>true</noBackgroundColor>
<noForegroundColor>true</noForegroundColor>
</targetLabel>
<points>
<point x="217" y="776"/>
<point x="217" y="857"/>
</points>
</Connector>
<Connector class="oracle.dbtools.crest.swingui.logical.TVRelation" oid="4BF1C4AB-CE46-ECEA-66E0-957B40722960" otype="Relation" vid_source="41EBEFFB-4075-F7FD-1665-A74A1746F070" vid_target="B60FB210-2B6E-EB87-1412-A7BF0ACCDCEF">
<hideElementsInCurrentOnly>false</hideElementsInCurrentOnly>
<backgroundColor>-16777216</backgroundColor>
<lineWidth>1</lineWidth>
<sourceLabel class="oracle.dbtools.crest.model.design.Label">
<site>0</site>
<labelBounds x="1582" y="287" width="51" height="30"/>
<noBackgroundColor>true</noBackgroundColor>
<noForegroundColor>true</noForegroundColor>
</sourceLabel>
<targetLabel class="oracle.dbtools.crest.model.design.Label">
<site>2</site>
<labelBounds x="1423" y="320" width="18" height="30"/>
<noBackgroundColor>true</noBackgroundColor>
<noForegroundColor>true</noForegroundColor>
</targetLabel>
<points>
<point x="1639" y="317"/>
<point x="1413" y="317"/>
</points>
</Connector>
<Connector class="oracle.dbtools.crest.swingui.logical.TVRelation" oid="5BA19FE4-E3CF-9BEE-C91E-E696819F1FC1" otype="Relation" vid_source="430ABB5C-97D3-5852-4633-FBE4D287DBFA" vid_target="3E702D3E-40CC-268A-B8F0-93ECFD38761F">
<hideElementsInCurrentOnly>false</hideElementsInCurrentOnly>
<backgroundColor>-16777216</backgroundColor>
<lineWidth>1</lineWidth>
<sourceLabel class="oracle.dbtools.crest.model.design.Label">
<site>0</site>
<labelBounds x="1571" y="733" width="31" height="30"/>
<noBackgroundColor>true</noBackgroundColor>
<noForegroundColor>true</noForegroundColor>
</sourceLabel>
<targetLabel class="oracle.dbtools.crest.model.design.Label">
<site>2</site>
<labelBounds x="312" y="766" width="18" height="31"/>
<noBackgroundColor>true</noBackgroundColor>
<noForegroundColor>true</noForegroundColor>
</targetLabel>
<points>
<point x="1608" y="763"/>
<point x="302" y="763"/>
</points>
</Connector>
<Connector class="oracle.dbtools.crest.swingui.logical.TVRelation" oid="5EBDE7A1-019D-25B1-35CD-FBFAF975D6BD" otype="Relation" vid_source="BF6FB63E-2F78-3F03-6420-2E625B74A12E" vid_target="B7675FF8-7782-68E0-E56B-61520B4318C3">
<hideElementsInCurrentOnly>false</hideElementsInCurrentOnly>
<backgroundColor>-16777216</backgroundColor>
<lineWidth>1</lineWidth>
<sourceLabel class="oracle.dbtools.crest.model.design.Label">
<site>0</site>
<labelBounds x="676" y="367" width="51" height="30"/>
<noBackgroundColor>true</noBackgroundColor>
<noForegroundColor>true</noForegroundColor>
</sourceLabel>
<targetLabel class="oracle.dbtools.crest.model.design.Label">
<site>2</site>
<labelBounds x="723" y="441" width="18" height="30"/>
<noBackgroundColor>true</noBackgroundColor>
<noForegroundColor>true</noForegroundColor>
</targetLabel>
<points>
<point x="666" y="367"/>
<point x="747" y="441"/>
</points>
</Connector>
<Connector class="oracle.dbtools.crest.swingui.logical.TVRelation" oid="5FA0AA2B-8BCC-F063-5BB8-5160C21B7C04" otype="Relation" vid_source="BF6FB63E-2F78-3F03-6420-2E625B74A12E" vid_target="2D3EC7F0-3A2B-CAF3-CB31-06E07A959C12">
<hideElementsInCurrentOnly>false</hideElementsInCurrentOnly>
<backgroundColor>-16777216</backgroundColor>
<lineWidth>1</lineWidth>
<sourceLabel class="oracle.dbtools.crest.model.design.Label">
<site>0</site>
<labelBounds x="676" y="279" width="31" height="32"/>
<noBackgroundColor>true</noBackgroundColor>
<noForegroundColor>true</noForegroundColor>
</sourceLabel>
<targetLabel class="oracle.dbtools.crest.model.design.Label">
<site>2</site>
<labelBounds x="802" y="314" width="18" height="32"/>
<noBackgroundColor>true</noBackgroundColor>
<noForegroundColor>true</noForegroundColor>
</targetLabel>
<points>
<point x="666" y="311"/>
<point x="826" y="311"/>
</points>
</Connector>
<Connector class="oracle.dbtools.crest.swingui.logical.TVRelation" oid="6349C553-76AD-020B-C0DE-84173C1CE4F4" otype="Relation" vid_source="B60FB210-2B6E-EB87-1412-A7BF0ACCDCEF" vid_target="2D3EC7F0-3A2B-CAF3-CB31-06E07A959C12">
<hideElementsInCurrentOnly>false</hideElementsInCurrentOnly>
<backgroundColor>-16777216</backgroundColor>
<lineWidth>1</lineWidth>
<sourceLabel class="oracle.dbtools.crest.model.design.Label">
<site>0</site>
<labelBounds x="1232" y="275" width="34" height="30"/>
<noBackgroundColor>true</noBackgroundColor>
<noForegroundColor>true</noForegroundColor>
</sourceLabel>
<targetLabel class="oracle.dbtools.crest.model.design.Label">
<site>2</site>
<labelBounds x="966" y="308" width="18" height="30"/>
<noBackgroundColor>true</noBackgroundColor>
<noForegroundColor>true</noForegroundColor>
</targetLabel>
<points>
<point x="1272" y="305"/>
<point x="956" y="305"/>
</points>
</Connector>
<Connector class="oracle.dbtools.crest.swingui.logical.TVRelation" oid="71834DD0-6E11-793A-0B1F-28597F2EAC61" otype="Relation" vid_source="238612EC-EC17-BCDD-CEFD-59852388F9F0" vid_target="792EE77B-FF7B-1A0B-858B-05E2FD566EB4">
<hideElementsInCurrentOnly>false</hideElementsInCurrentOnly>
<backgroundColor>-16777216</backgroundColor>
<lineWidth>1</lineWidth>
<sourceLabel class="oracle.dbtools.crest.model.design.Label">
<site>0</site>
<labelBounds x="1284" y="612" width="51" height="31"/>
<noBackgroundColor>true</noBackgroundColor>
<noForegroundColor>true</noForegroundColor>
</sourceLabel>
<targetLabel class="oracle.dbtools.crest.model.design.Label">
<site>2</site>
<labelBounds x="1253" y="646" width="18" height="35"/>
<noBackgroundColor>true</noBackgroundColor>
<noForegroundColor>true</noForegroundColor>
</targetLabel>
<points>
<point x="1341" y="643"/>
<point x="1243" y="643"/>
</points>
</Connector>
<Connector class="oracle.dbtools.crest.swingui.logical.TVRelation" oid="760B92E6-3581-08F2-2A4E-2399252B98DE" otype="Relation" vid_source="CE062C01-4868-87E8-DF86-FEB1C88FB0D8" vid_target="B7675FF8-7782-68E0-E56B-61520B4318C3">
<hideElementsInCurrentOnly>false</hideElementsInCurrentOnly>
<backgroundColor>-16777216</backgroundColor>
<lineWidth>1</lineWidth>
<sourceLabel class="oracle.dbtools.crest.model.design.Label">
<site>0</site>
<labelBounds x="672" y="608" width="51" height="31"/>
<noBackgroundColor>true</noBackgroundColor>
<noForegroundColor>true</noForegroundColor>
</sourceLabel>
<targetLabel class="oracle.dbtools.crest.model.design.Label">
<site>2</site>
<labelBounds x="723" y="553" width="18" height="31"/>
<noBackgroundColor>true</noBackgroundColor>
<noForegroundColor>true</noForegroundColor>
</targetLabel>
<points>
<point x="662" y="608"/>
<point x="747" y="553"/>
</points>
</Connector>
<Connector class="oracle.dbtools.crest.swingui.logical.TVRelation" oid="7F97E0A1-C667-80E8-0EEE-05E58D630286" otype="Relation" vid_source="B60FB210-2B6E-EB87-1412-A7BF0ACCDCEF" vid_target="238612EC-EC17-BCDD-CEFD-59852388F9F0">
<hideElementsInCurrentOnly>false</hideElementsInCurrentOnly>
<backgroundColor>-16777216</backgroundColor>
<lineWidth>1</lineWidth>
<sourceLabel class="oracle.dbtools.crest.model.design.Label">
<site>0</site>
<labelBounds x="1377" y="449" width="51" height="31"/>
<noBackgroundColor>true</noBackgroundColor>
<noForegroundColor>true</noForegroundColor>
</sourceLabel>
<targetLabel class="oracle.dbtools.crest.model.design.Label">
<site>2</site>
<labelBounds x="1374" y="560" width="18" height="31"/>
<noBackgroundColor>true</noBackgroundColor>
<noForegroundColor>true</noForegroundColor>
</targetLabel>
<points>
<point x="1377" y="412"/>
<point x="1374" y="597"/>
</points>
</Connector>
<Connector class="oracle.dbtools.crest.swingui.logical.TVRelation" oid="8C07FADB-4D91-676F-1566-E238547B7907" otype="Relation" vid_source="D6280038-880C-CD91-437A-5DD1057F7E8A" vid_target="792EE77B-FF7B-1A0B-858B-05E2FD566EB4">
<hideElementsInCurrentOnly>false</hideElementsInCurrentOnly>
<backgroundColor>-16777216</backgroundColor>
<lineWidth>1</lineWidth>
<points>
<point x="1043" y="641"/>
<point x="1138" y="641"/>
</points>
</Connector>
<Connector class="oracle.dbtools.crest.swingui.logical.TVRelation" oid="958FBD69-D80B-A558-C244-DA8042BC3E58" otype="Relation" vid_source="B60FB210-2B6E-EB87-1412-A7BF0ACCDCEF" vid_target="B7675FF8-7782-68E0-E56B-61520B4318C3">
<hideElementsInCurrentOnly>false</hideElementsInCurrentOnly>
<backgroundColor>-16777216</backgroundColor>
<lineWidth>1</lineWidth>
<sourceLabel class="oracle.dbtools.crest.model.design.Label">
<site>0</site>
<labelBounds x="1215" y="342" width="51" height="30"/>
<noBackgroundColor>true</noBackgroundColor>
<noForegroundColor>true</noForegroundColor>
</sourceLabel>
<targetLabel class="oracle.dbtools.crest.model.design.Label">
<site>2</site>
<labelBounds x="903" y="480" width="18" height="31"/>
<noBackgroundColor>true</noBackgroundColor>
<noForegroundColor>true</noForegroundColor>
</targetLabel>
<points>
<point x="1272" y="342"/>
<point x="893" y="480"/>
</points>
</Connector>
<Connector class="oracle.dbtools.crest.swingui.logical.TVRelation" oid="C132776C-9A2A-F146-0737-AC87DD6B28AB" otype="Relation" vid_source="4333863B-756C-97BD-2265-88768995051D" vid_target="2D3EC7F0-3A2B-CAF3-CB31-06E07A959C12">
<hideElementsInCurrentOnly>false</hideElementsInCurrentOnly>
<backgroundColor>-16777216</backgroundColor>
<lineWidth>1</lineWidth>
<sourceLabel class="oracle.dbtools.crest.model.design.Label">
<site>0</site>
<labelBounds x="877" y="182" width="70" height="32"/>
<noBackgroundColor>true</noBackgroundColor>
<noForegroundColor>true</noForegroundColor>
</sourceLabel>
<targetLabel class="oracle.dbtools.crest.model.design.Label">
<site>2</site>
<labelBounds x="881" y="416" width="18" height="32"/>
<noBackgroundColor>true</noBackgroundColor>
<noForegroundColor>true</noForegroundColor>
</targetLabel>
<points>
<point x="877" y="144"/>
<point x="881" y="378"/>
</points>
</Connector>
<Connector class="oracle.dbtools.crest.swingui.logical.TVRelation" oid="C1380422-78D1-0095-22C2-C01F9500550F" otype="Relation" vid_source="BF6FB63E-2F78-3F03-6420-2E625B74A12E" vid_target="5CB0BC17-E60F-02C2-265C-11B6D9173A7C">
<hideElementsInCurrentOnly>false</hideElementsInCurrentOnly>
<backgroundColor>-16777216</backgroundColor>
<lineWidth>1</lineWidth>
<sourceLabel class="oracle.dbtools.crest.model.design.Label">
<site>0</site>
<labelBounds x="513" y="290" width="31" height="32"/>
<noBackgroundColor>true</noBackgroundColor>
<noForegroundColor>true</noForegroundColor>
</sourceLabel>
<targetLabel class="oracle.dbtools.crest.model.design.Label">
<site>2</site>
<labelBounds x="341" y="325" width="18" height="32"/>
<noBackgroundColor>true</noBackgroundColor>
<noForegroundColor>true</noForegroundColor>
</targetLabel>
<points>
<point x="550" y="322"/>
<point x="331" y="322"/>
</points>
</Connector>
<Connector class="oracle.dbtools.crest.swingui.logical.TVRelation" oid="C700A936-02F0-D956-29A7-C74B6F618F82" otype="Relation" vid_source="76F726C3-2823-ADF1-7CEF-15E136FCDC83" vid_target="BF6FB63E-2F78-3F03-6420-2E625B74A12E">
<hideElementsInCurrentOnly>false</hideElementsInCurrentOnly>
<backgroundColor>-16777216</backgroundColor>
<lineWidth>1</lineWidth>
<sourceLabel class="oracle.dbtools.crest.model.design.Label">
<site>0</site>
<labelBounds x="608" y="223" width="64" height="32"/>
<noBackgroundColor>true</noBackgroundColor>
<noForegroundColor>true</noForegroundColor>
</sourceLabel>
<targetLabel class="oracle.dbtools.crest.model.design.Label">
<site>2</site>
<labelBounds x="608" y="180" width="17" height="34"/>
<noBackgroundColor>true</noBackgroundColor>
<noForegroundColor>true</noForegroundColor>
</targetLabel>
<points>
<point x="608" y="177"/>
<point x="608" y="244"/>
</points>
</Connector>
<Connector class="oracle.dbtools.crest.swingui.logical.TVRelation" oid="C83CF717-7534-13DB-2086-E6B2B4443DF4" otype="Relation" vid_source="D6280038-880C-CD91-437A-5DD1057F7E8A" vid_target="CE062C01-4868-87E8-DF86-FEB1C88FB0D8">
<hideElementsInCurrentOnly>false</hideElementsInCurrentOnly>
<backgroundColor>-16777216</backgroundColor>
<lineWidth>1</lineWidth>
<sourceLabel class="oracle.dbtools.crest.model.design.Label">
<site>0</site>
<labelBounds x="864" y="618" width="51" height="31"/>
<noBackgroundColor>true</noBackgroundColor>
<noForegroundColor>true</noForegroundColor>
</sourceLabel>
<targetLabel class="oracle.dbtools.crest.model.design.Label">
<site>2</site>
<labelBounds x="672" y="652" width="18" height="31"/>
<noBackgroundColor>true</noBackgroundColor>
<noForegroundColor>true</noForegroundColor>
</targetLabel>
<points>
<point x="921" y="649"/>
<point x="662" y="649"/>
</points>
</Connector>
<Connector class="oracle.dbtools.crest.swingui.logical.TVRelation" oid="E3A7A3CF-4DA7-BE5A-09D6-6097C63C9951" otype="Relation" vid_source="D4BD9584-37B9-20A3-8476-32B8A413BFFC" vid_target="76F726C3-2823-ADF1-7CEF-15E136FCDC83">
<hideElementsInCurrentOnly>false</hideElementsInCurrentOnly>
<backgroundColor>-16777216</backgroundColor>
<lineWidth>1</lineWidth>
<sourceLabel class="oracle.dbtools.crest.model.design.Label">
<site>0</site>
<labelBounds x="416" y="36" width="38" height="33"/>
<noBackgroundColor>true</noBackgroundColor>
<noForegroundColor>true</noForegroundColor>
</sourceLabel>
<targetLabel class="oracle.dbtools.crest.model.design.Label">
<site>2</site>
<labelBounds x="500" y="72" width="18" height="32"/>
<noBackgroundColor>true</noBackgroundColor>
<noForegroundColor>true</noForegroundColor>
</targetLabel>
<points>
<point x="406" y="69"/>
<point x="524" y="69"/>
</points>
</Connector>
</connectors>
</Diagram>