<?xml version = '1.0' encoding = 'UTF-8'?>
<FKIndexAssociation class="oracle.dbtools.crest.model.design.relational.FKIndexAssociation" directorySegmentName="seg_0" id="08D083FA-1D95-07D6-84FC-D56D98CAB167" containerWithKeyObject="7C0A506F-359E-460E-7AFA-77C591313C54" localFKIndex="612E6906-0F47-0A38-4BB2-E36BFE4F8F20" name="ship_cruise">
<createdBy>28776</createdBy>
<createdTime>2022-04-28 02:20:25 UTC</createdTime>
<generatorID>C700A936-02F0-D956-29A7-C74B6F618F82</generatorID>
<ownerDesignName>wc_logical</ownerDesignName>
<referredTableLongName>SHIP</referredTableLongName>
<deleteRule>NO ACTION</deleteRule>
<referredTableID>040BA767-FA99-FE40-034F-D8581ED9B52C</referredTableID>
<keyObject>5C63EF91-0A1F-B9D6-E02D-2B3E9B5511A6</keyObject>
<referredKeyID>5C63EF91-0A1F-B9D6-E02D-2B3E9B5511A6</referredKeyID>
<mandatory>true</mandatory>
<refColNames>ship_code</refColNames>
<transferable>true</transferable>
<rely>false</rely>
<columnDependencyConstraintGenerateInDDL>true</columnDependencyConstraintGenerateInDDL>
</FKIndexAssociation>