<?xml version = '1.0' encoding = 'UTF-8'?>
<FKIndexAssociation class="oracle.dbtools.crest.model.design.relational.FKIndexAssociation" directorySegmentName="seg_0" id="23F06361-BB83-85CE-1566-FABBD7190871" containerWithKeyObject="63E407CD-12AC-52A5-A3BB-79DF9D834EEA" localFKIndex="E491EA98-54EA-29F2-D9E4-22571F788146" name="passenger">
<createdBy>28776</createdBy>
<createdTime>2022-04-28 02:20:25 UTC</createdTime>
<generatorID>958FBD69-D80B-A558-C244-DA8042BC3E58</generatorID>
<ownerDesignName>wc_logical</ownerDesignName>
<referredTableLongName>PASSENGER</referredTableLongName>
<deleteRule>NO ACTION</deleteRule>
<referredTableID>A23B1710-3564-52E1-9599-97C134C16A0E</referredTableID>
<keyObject>BB24575F-FD69-4913-0AF7-5A5C0347787E</keyObject>
<referredKeyID>BB24575F-FD69-4913-0AF7-5A5C0347787E</referredKeyID>
<mandatory>true</mandatory>
<refColNames>passedger_id</refColNames>
<transferable>true</transferable>
<rely>false</rely>
<columnDependencyConstraintGenerateInDDL>true</columnDependencyConstraintGenerateInDDL>
</FKIndexAssociation>