<?xml version = '1.0' encoding = 'UTF-8'?>
<FKIndexAssociation class="oracle.dbtools.crest.model.design.relational.FKIndexAssociation" directorySegmentName="seg_0" id="24752D79-3342-7D98-D6AB-401C4B848248" containerWithKeyObject="A23B1710-3564-52E1-9599-97C134C16A0E" localFKIndex="79126901-BB91-A38C-759B-9CA84ADE2F7B" name="address_passenger">
<createdBy>28776</createdBy>
<createdTime>2022-04-28 02:20:25 UTC</createdTime>
<generatorID>4BF1C4AB-CE46-ECEA-66E0-957B40722960</generatorID>
<ownerDesignName>wc_logical</ownerDesignName>
<referredTableLongName>ADDRESS</referredTableLongName>
<deleteRule>NO ACTION</deleteRule>
<referredTableID>36420A46-E307-9E2F-C57D-A001296386A1</referredTableID>
<keyObject>7325E102-9981-5222-2A29-E69A416F5A5E</keyObject>
<referredKeyID>7325E102-9981-5222-2A29-E69A416F5A5E</referredKeyID>
<mandatory>true</mandatory>
<refColNames>address_id</refColNames>
<transferable>true</transferable>
<rely>false</rely>
<columnDependencyConstraintGenerateInDDL>true</columnDependencyConstraintGenerateInDDL>
</FKIndexAssociation>