<?xml version = '1.0' encoding = 'UTF-8'?>
<FKIndexAssociation class="oracle.dbtools.crest.model.design.relational.FKIndexAssociation" directorySegmentName="seg_0" id="3E0D4D0C-E23D-FF13-C0E1-07D407A17AD9" containerWithKeyObject="63E407CD-12AC-52A5-A3BB-79DF9D834EEA" localFKIndex="5D5BDB5B-C897-9E81-4BA9-C44D3B283369" name="port_tour_participant">
<createdBy>28776</createdBy>
<createdTime>2022-04-28 02:20:25 UTC</createdTime>
<generatorID>760B92E6-3581-08F2-2A4E-2399252B98DE</generatorID>
<ownerDesignName>wc_logical</ownerDesignName>
<referredTableLongName>PORT_TOUR</referredTableLongName>
<deleteRule>NO ACTION</deleteRule>
<referredTableID>36D7BFF6-2B75-FBE6-0984-4C7F0AF115FD</referredTableID>
<keyObject>13BA565E-64AC-5C29-4504-FEBB552A88E1</keyObject>
<referredKeyID>13BA565E-64AC-5C29-4504-FEBB552A88E1</referredKeyID>
<mandatory>true</mandatory>
<refColNames>tour_date,tour_no</refColNames>
<transferable>true</transferable>
<rely>false</rely>
<columnDependencyConstraintGenerateInDDL>true</columnDependencyConstraintGenerateInDDL>
</FKIndexAssociation>