<?xml version = '1.0' encoding = 'UTF-8'?>
<FKIndexAssociation class="oracle.dbtools.crest.model.design.relational.FKIndexAssociation" directorySegmentName="seg_0" id="3E623D7C-69CB-7E2A-A3E9-977461AC6181" containerWithKeyObject="36D7BFF6-2B75-FBE6-0984-4C7F0AF115FD" localFKIndex="2ADF9CD6-575F-DAFE-A967-B00B85C60308" name="port_tour">
<createdBy>28776</createdBy>
<createdTime>2022-04-28 02:20:25 UTC</createdTime>
<generatorID>104946E1-8B7A-BAB3-7E6F-069E96B41257</generatorID>
<ownerDesignName>wc_logical</ownerDesignName>
<referredTableLongName>PORT</referredTableLongName>
<deleteRule>NO ACTION</deleteRule>
<referredTableID>C7E226C2-BF30-7DF2-9DEC-CD339A0B4BD4</referredTableID>
<keyObject>9423D965-1AC8-6EFA-20DA-666F0BAF8C8D</keyObject>
<referredKeyID>9423D965-1AC8-6EFA-20DA-666F0BAF8C8D</referredKeyID>
<mandatory>true</mandatory>
<refColNames>port_code</refColNames>
<transferable>true</transferable>
<rely>false</rely>
<columnDependencyConstraintGenerateInDDL>true</columnDependencyConstraintGenerateInDDL>
</FKIndexAssociation>