<?xml version = '1.0' encoding = 'UTF-8'?>
<FKIndexAssociation class="oracle.dbtools.crest.model.design.relational.FKIndexAssociation" directorySegmentName="seg_0" id="4C7D60BF-69F8-3179-9733-0C87580C8DCA" containerWithKeyObject="C413E772-F0EF-2B2E-ED2F-100977AA3922" localFKIndex="A0A09631-49B5-467A-EC5A-DDD6D6833580" name="passengerv2">
<createdBy>28776</createdBy>
<createdTime>2022-04-28 02:20:25 UTC</createdTime>
<generatorID>7F97E0A1-C667-80E8-0EEE-05E58D630286</generatorID>
<ownerDesignName>wc_logical</ownerDesignName>
<referredTableLongName>PASSENGER</referredTableLongName>
<deleteRule>NO ACTION</deleteRule>
<referredTableID>A23B1710-3564-52E1-9599-97C134C16A0E</referredTableID>
<keyObject>BB24575F-FD69-4913-0AF7-5A5C0347787E</keyObject>
<referredKeyID>BB24575F-FD69-4913-0AF7-5A5C0347787E</referredKeyID>
<mandatory>true</mandatory>
<refColNames>passedger_id</refColNames>
<transferable>true</transferable>
<rely>false</rely>
<columnDependencyConstraintGenerateInDDL>true</columnDependencyConstraintGenerateInDDL>
</FKIndexAssociation>