<?xml version = '1.0' encoding = 'UTF-8'?>
<FKIndexAssociation class="oracle.dbtools.crest.model.design.relational.FKIndexAssociation" directorySegmentName="seg_0" id="6E79C777-3F96-34A3-2C7D-D1EF49757D72" containerWithKeyObject="A24A1CFF-B153-14E4-0EB7-5FF70B7D30F9" localFKIndex="E4877A97-4A71-3C92-9285-B0B07F9BA7F6" name="port_cruise_port">
<createdBy>28776</createdBy>
<createdTime>2022-04-28 02:20:25 UTC</createdTime>
<generatorID>0D70143A-A117-2C9C-2FB1-2C95E86F7E94</generatorID>
<ownerDesignName>wc_logical</ownerDesignName>
<referredTableLongName>PORT</referredTableLongName>
<deleteRule>NO ACTION</deleteRule>
<referredTableID>C7E226C2-BF30-7DF2-9DEC-CD339A0B4BD4</referredTableID>
<keyObject>9423D965-1AC8-6EFA-20DA-666F0BAF8C8D</keyObject>
<referredKeyID>9423D965-1AC8-6EFA-20DA-666F0BAF8C8D</referredKeyID>
<mandatory>true</mandatory>
<refColNames>port_code</refColNames>
<transferable>true</transferable>
<rely>false</rely>
<columnDependencyConstraintGenerateInDDL>true</columnDependencyConstraintGenerateInDDL>
</FKIndexAssociation>