<?xml version = '1.0' encoding = 'UTF-8'?>
<FKIndexAssociation class="oracle.dbtools.crest.model.design.relational.FKIndexAssociation" directorySegmentName="seg_0" id="7A59D069-5226-39DD-064C-7A364E9C6C65" containerWithKeyObject="CDBE2D3F-CE6A-6B5E-550A-339FF1F16363" localFKIndex="0FCF7516-F44F-924B-5542-C287B745D696" name="lanuge_tour">
<createdBy>28776</createdBy>
<createdTime>2022-04-28 02:20:25 UTC</createdTime>
<generatorID>71834DD0-6E11-793A-0B1F-28597F2EAC61</generatorID>
<ownerDesignName>wc_logical</ownerDesignName>
<referredTableLongName>LANUGE</referredTableLongName>
<deleteRule>NO ACTION</deleteRule>
<referredTableID>C413E772-F0EF-2B2E-ED2F-100977AA3922</referredTableID>
<keyObject>5853BED8-627C-1A17-BAD3-CE991E2A38F3</keyObject>
<referredKeyID>5853BED8-627C-1A17-BAD3-CE991E2A38F3</referredKeyID>
<mandatory>true</mandatory>
<refColNames>passedger_id,commentary_languages</refColNames>
<transferable>true</transferable>
<rely>false</rely>
<columnDependencyConstraintGenerateInDDL>true</columnDependencyConstraintGenerateInDDL>
</FKIndexAssociation>