<?xml version = '1.0' encoding = 'UTF-8'?>
<FKIndexAssociation class="oracle.dbtools.crest.model.design.relational.FKIndexAssociation" directorySegmentName="seg_0" id="822DE085-8303-0C28-DF79-68FFB423823E" containerWithKeyObject="CDBE2D3F-CE6A-6B5E-550A-339FF1F16363" localFKIndex="2FB31297-FC03-D49E-49EF-D3846021EA2F" name="tour_lanuge">
<createdBy>28776</createdBy>
<createdTime>2022-04-28 02:20:25 UTC</createdTime>
<generatorID>8C07FADB-4D91-676F-1566-E238547B7907</generatorID>
<ownerDesignName>wc_logical</ownerDesignName>
<referredTableLongName>TOUR</referredTableLongName>
<deleteRule>NO ACTION</deleteRule>
<referredTableID>E2D39F9C-8F49-7AA8-881A-94BA1DB215D4</referredTableID>
<keyObject>44683899-D479-9CED-F924-22F89F785342</keyObject>
<referredKeyID>44683899-D479-9CED-F924-22F89F785342</referredKeyID>
<mandatory>true</mandatory>
<refColNames>tour_no</refColNames>
<transferable>true</transferable>
<rely>false</rely>
<columnDependencyConstraintGenerateInDDL>true</columnDependencyConstraintGenerateInDDL>
</FKIndexAssociation>