<?xml version = '1.0' encoding = 'UTF-8'?>
<FKIndexAssociation class="oracle.dbtools.crest.model.design.relational.FKIndexAssociation" directorySegmentName="seg_0" id="8D28CD8D-D000-22A6-7DD4-E4EE665EF8F8" containerWithKeyObject="A24A1CFF-B153-14E4-0EB7-5FF70B7D30F9" localFKIndex="5BF8A7BC-B621-E155-4C7E-B3ED2AA470AD" name="cruise_cruise_port">
<createdBy>28776</createdBy>
<createdTime>2022-04-28 02:20:25 UTC</createdTime>
<generatorID>C1380422-78D1-0095-22C2-C01F9500550F</generatorID>
<ownerDesignName>wc_logical</ownerDesignName>
<referredTableLongName>CRUISE</referredTableLongName>
<deleteRule>NO ACTION</deleteRule>
<referredTableID>7C0A506F-359E-460E-7AFA-77C591313C54</referredTableID>
<keyObject>4359A3F0-F217-F68B-848D-CC4C3A5F8A24</keyObject>
<referredKeyID>4359A3F0-F217-F68B-848D-CC4C3A5F8A24</referredKeyID>
<mandatory>true</mandatory>
<refColNames>cruise_id,cruise_name</refColNames>
<transferable>true</transferable>
<rely>false</rely>
<columnDependencyConstraintGenerateInDDL>true</columnDependencyConstraintGenerateInDDL>
</FKIndexAssociation>