<?xml version = '1.0' encoding = 'UTF-8'?>
<FKIndexAssociation class="oracle.dbtools.crest.model.design.relational.FKIndexAssociation" directorySegmentName="seg_0" id="8E7DC0BB-3D72-559E-5B05-DCB1BB511D8E" containerWithKeyObject="078B543A-73EA-42DC-3BEB-AF0CD4203144" localFKIndex="1EC01AA8-1B57-BF37-A30C-54BE04823D91" name="passenger_manifest">
<createdBy>28776</createdBy>
<createdTime>2022-04-28 02:20:25 UTC</createdTime>
<generatorID>6349C553-76AD-020B-C0DE-84173C1CE4F4</generatorID>
<ownerDesignName>wc_logical</ownerDesignName>
<referredTableLongName>PASSENGER</referredTableLongName>
<deleteRule>NO ACTION</deleteRule>
<referredTableID>A23B1710-3564-52E1-9599-97C134C16A0E</referredTableID>
<keyObject>BB24575F-FD69-4913-0AF7-5A5C0347787E</keyObject>
<referredKeyID>BB24575F-FD69-4913-0AF7-5A5C0347787E</referredKeyID>
<mandatory>true</mandatory>
<refColNames>passedger_id</refColNames>
<transferable>true</transferable>
<rely>false</rely>
<columnDependencyConstraintGenerateInDDL>true</columnDependencyConstraintGenerateInDDL>
</FKIndexAssociation>