<?xml version = '1.0' encoding = 'UTF-8'?>
<FKIndexAssociation class="oracle.dbtools.crest.model.design.relational.FKIndexAssociation" directorySegmentName="seg_0" id="927FCC90-72C5-EBC2-7F63-D8F1DC2DC648" containerWithKeyObject="36420A46-E307-9E2F-C57D-A001296386A1" localFKIndex="15A1E481-D734-B9F9-0801-B40AB6090B07" name="court_address">
<createdBy>28776</createdBy>
<createdTime>2022-04-28 02:50:20 UTC</createdTime>
<generatorID>2C9440FE-AB7E-26B8-AC7A-48AE510A34B4</generatorID>
<ownerDesignName>wc_logical</ownerDesignName>
<referredTableLongName>COUNTRY</referredTableLongName>
<deleteRule>NO ACTION</deleteRule>
<referredTableID>E771BF7A-F2F3-F510-3383-71AE8F48D918</referredTableID>
<keyObject>4E423B6E-2DCB-B6E4-BED8-823BA1AD138E</keyObject>
<referredKeyID>4E423B6E-2DCB-B6E4-BED8-823BA1AD138E</referredKeyID>
<mandatory>true</mandatory>
<refColNames>coun_code</refColNames>
<transferable>true</transferable>
<rely>false</rely>
<columnDependencyConstraintGenerateInDDL>true</columnDependencyConstraintGenerateInDDL>
</FKIndexAssociation>