<?xml version = '1.0' encoding = 'UTF-8'?>
<FKIndexAssociation class="oracle.dbtools.crest.model.design.relational.FKIndexAssociation" directorySegmentName="seg_0" id="A10D92CA-8E05-2D62-32F6-2AAE8B8D9618" containerWithKeyObject="15B51C28-A134-8AF6-4140-9726A10CF7A5" localFKIndex="9EB4CC0A-50DF-DA7B-B417-B3DDDD4493C9" name="ship_cabin">
<createdBy>28776</createdBy>
<createdTime>2022-04-28 02:20:25 UTC</createdTime>
<generatorID>08EE4908-0FC7-9045-1B4C-CC26D7E29E33</generatorID>
<ownerDesignName>wc_logical</ownerDesignName>
<referredTableLongName>SHIP</referredTableLongName>
<deleteRule>NO ACTION</deleteRule>
<referredTableID>040BA767-FA99-FE40-034F-D8581ED9B52C</referredTableID>
<keyObject>5C63EF91-0A1F-B9D6-E02D-2B3E9B5511A6</keyObject>
<referredKeyID>5C63EF91-0A1F-B9D6-E02D-2B3E9B5511A6</referredKeyID>
<mandatory>true</mandatory>
<refColNames>ship_code</refColNames>
<transferable>true</transferable>
<rely>false</rely>
<columnDependencyConstraintGenerateInDDL>true</columnDependencyConstraintGenerateInDDL>
</FKIndexAssociation>