<?xml version = '1.0' encoding = 'UTF-8'?>
<FKIndexAssociation class="oracle.dbtools.crest.model.design.relational.FKIndexAssociation" directorySegmentName="seg_0" id="B75862AC-6353-466C-7E4A-B5D069D55578" containerWithKeyObject="078B543A-73EA-42DC-3BEB-AF0CD4203144" localFKIndex="DC7BB946-A779-AF80-4EC6-5E8BCF385D55" name="cruise_manifest">
<createdBy>28776</createdBy>
<createdTime>2022-04-28 02:20:25 UTC</createdTime>
<generatorID>5FA0AA2B-8BCC-F063-5BB8-5160C21B7C04</generatorID>
<ownerDesignName>wc_logical</ownerDesignName>
<referredTableLongName>CRUISE</referredTableLongName>
<deleteRule>NO ACTION</deleteRule>
<referredTableID>7C0A506F-359E-460E-7AFA-77C591313C54</referredTableID>
<keyObject>4359A3F0-F217-F68B-848D-CC4C3A5F8A24</keyObject>
<referredKeyID>4359A3F0-F217-F68B-848D-CC4C3A5F8A24</referredKeyID>
<mandatory>true</mandatory>
<refColNames>cruise_id,cruise_name</refColNames>
<transferable>true</transferable>
<rely>false</rely>
<columnDependencyConstraintGenerateInDDL>true</columnDependencyConstraintGenerateInDDL>
</FKIndexAssociation>