<?xml version = '1.0' encoding = 'UTF-8'?>
<FKIndexAssociation class="oracle.dbtools.crest.model.design.relational.FKIndexAssociation" directorySegmentName="seg_0" id="B95E700A-258C-019E-3A76-8E149D558CED" containerWithKeyObject="C7E226C2-BF30-7DF2-9DEC-CD339A0B4BD4" localFKIndex="7546CC05-C6B2-B4BB-9435-4A6982E0FF7F" name="port_country">
<createdBy>28776</createdBy>
<createdTime>2022-04-28 02:20:25 UTC</createdTime>
<generatorID>5BA19FE4-E3CF-9BEE-C91E-E696819F1FC1</generatorID>
<ownerDesignName>wc_logical</ownerDesignName>
<referredTableLongName>COUNTRY</referredTableLongName>
<deleteRule>NO ACTION</deleteRule>
<referredTableID>E771BF7A-F2F3-F510-3383-71AE8F48D918</referredTableID>
<keyObject>4E423B6E-2DCB-B6E4-BED8-823BA1AD138E</keyObject>
<referredKeyID>4E423B6E-2DCB-B6E4-BED8-823BA1AD138E</referredKeyID>
<mandatory>true</mandatory>
<refColNames>coun_code</refColNames>
<transferable>true</transferable>
<rely>false</rely>
<columnDependencyConstraintGenerateInDDL>true</columnDependencyConstraintGenerateInDDL>
</FKIndexAssociation>