<?xml version = '1.0' encoding = 'UTF-8'?>
<FKIndexAssociation class="oracle.dbtools.crest.model.design.relational.FKIndexAssociation" directorySegmentName="seg_0" id="CB7A3065-AB35-2CB4-3443-A259A184FEED" containerWithKeyObject="63E407CD-12AC-52A5-A3BB-79DF9D834EEA" localFKIndex="6EDA1E1E-1399-F207-7CE3-EA4A024ED919" name="cruise_tour_participant">
<createdBy>28776</createdBy>
<createdTime>2022-04-28 02:20:25 UTC</createdTime>
<generatorID>5EBDE7A1-019D-25B1-35CD-FBFAF975D6BD</generatorID>
<ownerDesignName>wc_logical</ownerDesignName>
<referredTableLongName>CRUISE</referredTableLongName>
<deleteRule>NO ACTION</deleteRule>
<referredTableID>7C0A506F-359E-460E-7AFA-77C591313C54</referredTableID>
<keyObject>4359A3F0-F217-F68B-848D-CC4C3A5F8A24</keyObject>
<referredKeyID>4359A3F0-F217-F68B-848D-CC4C3A5F8A24</referredKeyID>
<mandatory>true</mandatory>
<refColNames>cruise_id,cruise_name</refColNames>
<transferable>true</transferable>
<rely>false</rely>
<columnDependencyConstraintGenerateInDDL>true</columnDependencyConstraintGenerateInDDL>
</FKIndexAssociation>