<?xml version = '1.0' encoding = 'UTF-8'?>
<FKIndexAssociation class="oracle.dbtools.crest.model.design.relational.FKIndexAssociation" directorySegmentName="seg_0" id="CC418256-2E26-31A3-2DCD-C2E7DAB645EA" containerWithKeyObject="36D7BFF6-2B75-FBE6-0984-4C7F0AF115FD" localFKIndex="E1783B9A-05C4-A17B-3590-C203E132E768" name="tour_port">
<createdBy>28776</createdBy>
<createdTime>2022-04-28 02:20:25 UTC</createdTime>
<generatorID>C83CF717-7534-13DB-2086-E6B2B4443DF4</generatorID>
<ownerDesignName>wc_logical</ownerDesignName>
<referredTableLongName>TOUR</referredTableLongName>
<deleteRule>NO ACTION</deleteRule>
<referredTableID>E2D39F9C-8F49-7AA8-881A-94BA1DB215D4</referredTableID>
<keyObject>44683899-D479-9CED-F924-22F89F785342</keyObject>
<referredKeyID>44683899-D479-9CED-F924-22F89F785342</referredKeyID>
<mandatory>true</mandatory>
<refColNames>tour_no</refColNames>
<transferable>true</transferable>
<rely>false</rely>
<columnDependencyConstraintGenerateInDDL>true</columnDependencyConstraintGenerateInDDL>
</FKIndexAssociation>