<?xml version = '1.0' encoding = 'UTF-8'?>
<FKIndexAssociation class="oracle.dbtools.crest.model.design.relational.FKIndexAssociation" directorySegmentName="seg_0" id="CFCC2CFF-D8BF-ED4B-078A-A3A58E7AB930" containerWithKeyObject="040BA767-FA99-FE40-034F-D8581ED9B52C" localFKIndex="850A4A84-8FD6-2241-3B37-E1419103CA88" name="operator_ship">
<createdBy>28776</createdBy>
<createdTime>2022-04-28 02:20:25 UTC</createdTime>
<generatorID>E3A7A3CF-4DA7-BE5A-09D6-6097C63C9951</generatorID>
<ownerDesignName>wc_logical</ownerDesignName>
<referredTableLongName>OPERATOR</referredTableLongName>
<deleteRule>NO ACTION</deleteRule>
<referredTableID>363E0A7E-9369-92AE-D05E-DED27FB07A57</referredTableID>
<keyObject>3261F935-873D-1BFF-5AEF-319AF9408FB1</keyObject>
<referredKeyID>3261F935-873D-1BFF-5AEF-319AF9408FB1</referredKeyID>
<mandatory>true</mandatory>
<refColNames>operator_id</refColNames>
<transferable>true</transferable>
<rely>false</rely>
<columnDependencyConstraintGenerateInDDL>true</columnDependencyConstraintGenerateInDDL>
</FKIndexAssociation>