<?xml version = '1.0' encoding = 'UTF-8'?>
<FKIndexAssociation class="oracle.dbtools.crest.model.design.relational.FKIndexAssociation" directorySegmentName="seg_0" id="D21E635A-FC35-140A-FF41-4C51FE07499C" containerWithKeyObject="DC5C434E-442B-EA22-8A93-E9B131A349FB" localFKIndex="C0FEA3B7-AC33-5854-FF9C-88A1571FE294" name="port_temp">
<createdBy>28776</createdBy>
<createdTime>2022-04-28 02:20:25 UTC</createdTime>
<generatorID>4A0D1C0A-763A-D8C6-F540-27AF404FBC5D</generatorID>
<ownerDesignName>wc_logical</ownerDesignName>
<referredTableLongName>PORT</referredTableLongName>
<deleteRule>NO ACTION</deleteRule>
<referredTableID>C7E226C2-BF30-7DF2-9DEC-CD339A0B4BD4</referredTableID>
<keyObject>9423D965-1AC8-6EFA-20DA-666F0BAF8C8D</keyObject>
<referredKeyID>9423D965-1AC8-6EFA-20DA-666F0BAF8C8D</referredKeyID>
<mandatory>false</mandatory>
<refColNames>port_code</refColNames>
<transferable>true</transferable>
<rely>false</rely>
<columnDependencyConstraintGenerateInDDL>true</columnDependencyConstraintGenerateInDDL>
</FKIndexAssociation>