<?xml version = '1.0' encoding = 'UTF-8'?>
<FKIndexAssociation class="oracle.dbtools.crest.model.design.relational.FKIndexAssociation" directorySegmentName="seg_0" id="E116697A-9E9E-067A-CA96-214231124E99" containerWithKeyObject="078B543A-73EA-42DC-3BEB-AF0CD4203144" localFKIndex="5D8101EE-CB28-21EB-7ECB-5CB44FA28596" name="cabin_manifest">
<createdBy>28776</createdBy>
<createdTime>2022-04-28 02:20:25 UTC</createdTime>
<generatorID>C132776C-9A2A-F146-0737-AC87DD6B28AB</generatorID>
<ownerDesignName>wc_logical</ownerDesignName>
<referredTableLongName>CABIN</referredTableLongName>
<deleteRule>NO ACTION</deleteRule>
<referredTableID>15B51C28-A134-8AF6-4140-9726A10CF7A5</referredTableID>
<keyObject>90AF0F36-53D0-FD21-1C99-0056F80C4DCB</keyObject>
<referredKeyID>90AF0F36-53D0-FD21-1C99-0056F80C4DCB</referredKeyID>
<mandatory>true</mandatory>
<refColNames>cabin_number,ship_code</refColNames>
<transferable>true</transferable>
<rely>false</rely>
<columnDependencyConstraintGenerateInDDL>true</columnDependencyConstraintGenerateInDDL>
</FKIndexAssociation>