<?xml version = '1.0' encoding = 'UTF-8'?>
<Relation class="oracle.dbtools.crest.model.design.logical.Relation" name="ship_cabin" directorySegmentName="seg_0" id="08EE4908-0FC7-9045-1B4C-CC26D7E29E33">
<createdBy>28776</createdBy>
<createdTime>2022-04-27 08:29:14 UTC</createdTime>
<ownerDesignName>wc_logical</ownerDesignName>
<engineerTo>
<item key="7C2ED89B-D414-088F-1408-CAACDE981B5F" value="true"/>
</engineerTo>
<sourcePk>23394CCF-9A46-4C26-BD92-8408F73CA861</sourcePk>
<identifying>true</identifying>
<nameOnSource>contains</nameOnSource>
<nameOnTarget> </nameOnTarget>
<optionalSource>false</optionalSource>
<optionalTarget>false</optionalTarget>
<sourceCardinality>1</sourceCardinality>
<sourceEntity>9C4ACE50-044F-B780-EDEB-0A094B8E9850</sourceEntity>
<targetCardinalityString>*</targetCardinalityString>
<targetEntity>DFDBA712-DC6C-2FC2-8D5A-2F2A1C246EB4</targetEntity>
<transferable>true</transferable>
<deleteRule>NO ACTION</deleteRule>
</Relation>