<?xml version = '1.0' encoding = 'UTF-8'?>
<Relation class="oracle.dbtools.crest.model.design.logical.Relation" name="port_cruise_port" directorySegmentName="seg_0" id="0D70143A-A117-2C9C-2FB1-2C95E86F7E94">
<createdBy>28776</createdBy>
<createdTime>2022-04-27 08:30:36 UTC</createdTime>
<ownerDesignName>wc_logical</ownerDesignName>
<engineerTo>
<item key="7C2ED89B-D414-088F-1408-CAACDE981B5F" value="true"/>
</engineerTo>
<sourcePk>6FA29046-558A-0B31-7BE0-142323333E93</sourcePk>
<identifying>true</identifying>
<nameOnSource>is in</nameOnSource>
<nameOnTarget> </nameOnTarget>
<optionalSource>true</optionalSource>
<optionalTarget>false</optionalTarget>
<sourceCardinality>1</sourceCardinality>
<sourceEntity>6FADEDE2-BB33-BBA0-1E57-EF7D88ACE39F</sourceEntity>
<targetCardinalityString>*</targetCardinalityString>
<targetEntity>A37F9206-D645-67B3-E4B2-480DEB9E2A4C</targetEntity>
<transferable>true</transferable>
<deleteRule>NO ACTION</deleteRule>
</Relation>