<?xml version = '1.0' encoding = 'UTF-8'?>
<Relation class="oracle.dbtools.crest.model.design.logical.Relation" name="port_tour" directorySegmentName="seg_0" id="104946E1-8B7A-BAB3-7E6F-069E96B41257">
<createdBy>28776</createdBy>
<createdTime>2022-04-27 17:36:45 UTC</createdTime>
<ownerDesignName>wc_logical</ownerDesignName>
<engineerTo>
<item key="7C2ED89B-D414-088F-1408-CAACDE981B5F" value="true"/>
</engineerTo>
<sourcePk>6FA29046-558A-0B31-7BE0-142323333E93</sourcePk>
<identifying>false</identifying>
<nameOnSource>include</nameOnSource>
<nameOnTarget> </nameOnTarget>
<optionalSource>true</optionalSource>
<optionalTarget>false</optionalTarget>
<sourceCardinality>1</sourceCardinality>
<sourceEntity>6FADEDE2-BB33-BBA0-1E57-EF7D88ACE39F</sourceEntity>
<targetCardinalityString>*</targetCardinalityString>
<targetEntity>5755C693-7A6D-5AC8-1A7D-CC1EA13460E9</targetEntity>
<transferable>true</transferable>
<deleteRule>NO ACTION</deleteRule>
</Relation>