<?xml version = '1.0' encoding = 'UTF-8'?>
<Relation class="oracle.dbtools.crest.model.design.logical.Relation" name="court_address" directorySegmentName="seg_0" id="2C9440FE-AB7E-26B8-AC7A-48AE510A34B4">
<createdBy>28776</createdBy>
<createdTime>2022-04-27 17:19:37 UTC</createdTime>
<ownerDesignName>wc_logical</ownerDesignName>
<engineerTo>
<item key="7C2ED89B-D414-088F-1408-CAACDE981B5F" value="true"/>
</engineerTo>
<sourcePk>88FDE9F7-5DCA-A889-11CF-561D2A01BE6F</sourcePk>
<targetPk>8B5DFF6C-56F3-FB06-D2E8-F652201A8544</targetPk>
<identifying>false</identifying>
<nameOnSource>has</nameOnSource>
<nameOnTarget> </nameOnTarget>
<optionalSource>false</optionalSource>
<optionalTarget>true</optionalTarget>
<sourceCardinality>1</sourceCardinality>
<sourceEntity>7E918935-2557-665D-AA8D-B37F09917E02</sourceEntity>
<targetCardinalityString>1</targetCardinalityString>
<targetEntity>6E3C68D8-61EE-1084-F45C-3E3671F83CA7</targetEntity>
<transferable>true</transferable>
<deleteRule>NO ACTION</deleteRule>
</Relation>