<?xml version = '1.0' encoding = 'UTF-8'?>
<Relation class="oracle.dbtools.crest.model.design.logical.Relation" name="port_temp" directorySegmentName="seg_0" id="4A0D1C0A-763A-D8C6-F540-27AF404FBC5D">
<createdBy>28776</createdBy>
<createdTime>2022-04-27 17:44:27 UTC</createdTime>
<ownerDesignName>wc_logical</ownerDesignName>
<engineerTo>
<item key="7C2ED89B-D414-088F-1408-CAACDE981B5F" value="true"/>
</engineerTo>
<sourcePk>6FA29046-558A-0B31-7BE0-142323333E93</sourcePk>
<identifying>false</identifying>
<nameOnSource>has</nameOnSource>
<nameOnTarget>  </nameOnTarget>
<optionalSource>false</optionalSource>
<optionalTarget>true</optionalTarget>
<sourceCardinality>1</sourceCardinality>
<sourceEntity>6FADEDE2-BB33-BBA0-1E57-EF7D88ACE39F</sourceEntity>
<targetCardinalityString>*</targetCardinalityString>
<targetEntity>CBB3484A-3BE8-BA01-0408-E5C060638DEE</targetEntity>
<transferable>true</transferable>
<deleteRule>NO ACTION</deleteRule>
</Relation>