<?xml version = '1.0' encoding = 'UTF-8'?>
<Relation class="oracle.dbtools.crest.model.design.logical.Relation" name="address_passenger" directorySegmentName="seg_0" id="4BF1C4AB-CE46-ECEA-66E0-957B40722960">
<createdBy>28776</createdBy>
<createdTime>2022-04-27 17:04:12 UTC</createdTime>
<ownerDesignName>wc_logical</ownerDesignName>
<engineerTo>
<item key="7C2ED89B-D414-088F-1408-CAACDE981B5F" value="true"/>
</engineerTo>
<sourcePk>88FDE9F7-5DCA-A889-11CF-561D2A01BE6F</sourcePk>
<identifying>false</identifying>
<nameOnSource>include</nameOnSource>
<nameOnTarget> </nameOnTarget>
<optionalSource>false</optionalSource>
<optionalTarget>false</optionalTarget>
<sourceCardinality>1</sourceCardinality>
<sourceEntity>7E918935-2557-665D-AA8D-B37F09917E02</sourceEntity>
<targetCardinalityString>*</targetCardinalityString>
<targetEntity>561B5AF3-3BB8-1067-1837-A9067EB61594</targetEntity>
<transferable>true</transferable>
<deleteRule>NO ACTION</deleteRule>
</Relation>