<?xml version = '1.0' encoding = 'UTF-8'?>
<Relation class="oracle.dbtools.crest.model.design.logical.Relation" name="port_country" directorySegmentName="seg_0" id="5BA19FE4-E3CF-9BEE-C91E-E696819F1FC1">
<createdBy>28776</createdBy>
<createdTime>2022-04-27 17:21:10 UTC</createdTime>
<ownerDesignName>wc_logical</ownerDesignName>
<engineerTo>
<item key="7C2ED89B-D414-088F-1408-CAACDE981B5F" value="true"/>
</engineerTo>
<sourcePk>8B5DFF6C-56F3-FB06-D2E8-F652201A8544</sourcePk>
<identifying>false</identifying>
<nameOnSource>has</nameOnSource>
<nameOnTarget> </nameOnTarget>
<optionalSource>true</optionalSource>
<optionalTarget>false</optionalTarget>
<sourceCardinality>1</sourceCardinality>
<sourceEntity>6E3C68D8-61EE-1084-F45C-3E3671F83CA7</sourceEntity>
<targetCardinalityString>1</targetCardinalityString>
<targetEntity>6FADEDE2-BB33-BBA0-1E57-EF7D88ACE39F</targetEntity>
<transferable>true</transferable>
<deleteRule>NO ACTION</deleteRule>
</Relation>