<?xml version = '1.0' encoding = 'UTF-8'?>
<Relation class="oracle.dbtools.crest.model.design.logical.Relation" name="cruise_tour_participant" directorySegmentName="seg_0" id="5EBDE7A1-019D-25B1-35CD-FBFAF975D6BD">
<createdBy>28776</createdBy>
<createdTime>2022-04-27 18:04:37 UTC</createdTime>
<ownerDesignName>wc_logical</ownerDesignName>
<engineerTo>
<item key="7C2ED89B-D414-088F-1408-CAACDE981B5F" value="true"/>
</engineerTo>
<sourcePk>3A2F2843-5C2C-4AD9-201E-530177BD28D8</sourcePk>
<identifying>false</identifying>
<nameOnSource>include</nameOnSource>
<nameOnTarget> </nameOnTarget>
<optionalSource>true</optionalSource>
<optionalTarget>false</optionalTarget>
<sourceCardinality>1</sourceCardinality>
<sourceEntity>7E035682-B044-C273-6C72-846D39192803</sourceEntity>
<targetCardinalityString>*</targetCardinalityString>
<targetEntity>CAB1F06A-A330-7233-C92A-079DAD25BD2B</targetEntity>
<transferable>true</transferable>
<deleteRule>NO ACTION</deleteRule>
</Relation>