<?xml version = '1.0' encoding = 'UTF-8'?>
<Relation class="oracle.dbtools.crest.model.design.logical.Relation" name="cruise_manifest" directorySegmentName="seg_0" id="5FA0AA2B-8BCC-F063-5BB8-5160C21B7C04">
<createdBy>28776</createdBy>
<createdTime>2022-04-27 08:25:32 UTC</createdTime>
<ownerDesignName>wc_logical</ownerDesignName>
<engineerTo>
<item key="7C2ED89B-D414-088F-1408-CAACDE981B5F" value="true"/>
</engineerTo>
<sourcePk>3A2F2843-5C2C-4AD9-201E-530177BD28D8</sourcePk>
<identifying>true</identifying>
<nameOnSource>has</nameOnSource>
<nameOnTarget> </nameOnTarget>
<optionalSource>true</optionalSource>
<optionalTarget>false</optionalTarget>
<sourceCardinality>1</sourceCardinality>
<sourceEntity>7E035682-B044-C273-6C72-846D39192803</sourceEntity>
<targetCardinalityString>*</targetCardinalityString>
<targetEntity>EF1F86FC-02E8-F596-FF88-D8CDB0E7CF3E</targetEntity>
<transferable>true</transferable>
<deleteRule>NO ACTION</deleteRule>
</Relation>