<?xml version = '1.0' encoding = 'UTF-8'?>
<Relation class="oracle.dbtools.crest.model.design.logical.Relation" name="passenger_manifest" directorySegmentName="seg_0" id="6349C553-76AD-020B-C0DE-84173C1CE4F4">
<createdBy>28776</createdBy>
<createdTime>2022-04-27 08:33:02 UTC</createdTime>
<ownerDesignName>wc_logical</ownerDesignName>
<engineerTo>
<item key="7C2ED89B-D414-088F-1408-CAACDE981B5F" value="true"/>
</engineerTo>
<sourcePk>1EA873B6-5EB5-9870-4486-ADB2E0FE426D</sourcePk>
<identifying>true</identifying>
<nameOnSource>is in</nameOnSource>
<nameOnTarget> </nameOnTarget>
<optionalSource>true</optionalSource>
<optionalTarget>false</optionalTarget>
<sourceCardinality>1</sourceCardinality>
<sourceEntity>561B5AF3-3BB8-1067-1837-A9067EB61594</sourceEntity>
<targetCardinalityString>*</targetCardinalityString>
<targetEntity>EF1F86FC-02E8-F596-FF88-D8CDB0E7CF3E</targetEntity>
<transferable>true</transferable>
<deleteRule>NO ACTION</deleteRule>
</Relation>