<?xml version = '1.0' encoding = 'UTF-8'?>
<Relation class="oracle.dbtools.crest.model.design.logical.Relation" name="lanuge_tour" directorySegmentName="seg_0" id="71834DD0-6E11-793A-0B1F-28597F2EAC61">
<createdBy>28776</createdBy>
<createdTime>2022-04-27 18:33:04 UTC</createdTime>
<ownerDesignName>wc_logical</ownerDesignName>
<engineerTo>
<item key="7C2ED89B-D414-088F-1408-CAACDE981B5F" value="true"/>
</engineerTo>
<sourcePk>20B1FF2F-E90D-F6D9-D686-B1A3F8A57F56</sourcePk>
<identifying>true</identifying>
<nameOnSource>include</nameOnSource>
<nameOnTarget> </nameOnTarget>
<optionalSource>false</optionalSource>
<optionalTarget>false</optionalTarget>
<sourceCardinality>1</sourceCardinality>
<sourceEntity>BBF47040-189A-BA84-B6FE-45515D8F7234</sourceEntity>
<targetCardinalityString>*</targetCardinalityString>
<targetEntity>7214801F-DFC8-E4C1-A98A-2C163906E68D</targetEntity>
<transferable>true</transferable>
<deleteRule>NO ACTION</deleteRule>
</Relation>