<?xml version = '1.0' encoding = 'UTF-8'?>
<Relation class="oracle.dbtools.crest.model.design.logical.Relation" name="port_tour_participant" directorySegmentName="seg_0" id="760B92E6-3581-08F2-2A4E-2399252B98DE">
<createdBy>28776</createdBy>
<createdTime>2022-04-27 18:03:40 UTC</createdTime>
<ownerDesignName>wc_logical</ownerDesignName>
<engineerTo>
<item key="7C2ED89B-D414-088F-1408-CAACDE981B5F" value="true"/>
</engineerTo>
<sourcePk>4654DB33-9BB9-65AF-4EFC-709662AB4FDD</sourcePk>
<identifying>false</identifying>
<nameOnSource>include</nameOnSource>
<nameOnTarget> </nameOnTarget>
<optionalSource>true</optionalSource>
<optionalTarget>false</optionalTarget>
<sourceCardinality>1</sourceCardinality>
<sourceEntity>5755C693-7A6D-5AC8-1A7D-CC1EA13460E9</sourceEntity>
<targetCardinalityString>*</targetCardinalityString>
<targetEntity>CAB1F06A-A330-7233-C92A-079DAD25BD2B</targetEntity>
<transferable>true</transferable>
<deleteRule>NO ACTION</deleteRule>
</Relation>