<?xml version = '1.0' encoding = 'UTF-8'?>
<Relation class="oracle.dbtools.crest.model.design.logical.Relation" name="passengerv2" directorySegmentName="seg_0" id="7F97E0A1-C667-80E8-0EEE-05E58D630286">
<createdBy>28776</createdBy>
<createdTime>2022-04-27 18:23:52 UTC</createdTime>
<ownerDesignName>wc_logical</ownerDesignName>
<engineerTo>
<item key="7C2ED89B-D414-088F-1408-CAACDE981B5F" value="true"/>
</engineerTo>
<sourcePk>1EA873B6-5EB5-9870-4486-ADB2E0FE426D</sourcePk>
<identifying>true</identifying>
<nameOnSource>include</nameOnSource>
<nameOnTarget> </nameOnTarget>
<optionalSource>false</optionalSource>
<optionalTarget>false</optionalTarget>
<sourceCardinality>1</sourceCardinality>
<sourceEntity>561B5AF3-3BB8-1067-1837-A9067EB61594</sourceEntity>
<targetCardinalityString>*</targetCardinalityString>
<targetEntity>BBF47040-189A-BA84-B6FE-45515D8F7234</targetEntity>
<transferable>true</transferable>
<deleteRule>NO ACTION</deleteRule>
</Relation>