<?xml version = '1.0' encoding = 'UTF-8'?>
<Relation class="oracle.dbtools.crest.model.design.logical.Relation" name="tour_lanuge" directorySegmentName="seg_0" id="8C07FADB-4D91-676F-1566-E238547B7907">
<createdBy>28776</createdBy>
<createdTime>2022-04-27 18:30:56 UTC</createdTime>
<ownerDesignName>wc_logical</ownerDesignName>
<engineerTo>
<item key="7C2ED89B-D414-088F-1408-CAACDE981B5F" value="true"/>
</engineerTo>
<sourcePk>FEC74AFD-E483-63D0-9A82-5BABA0089E2C</sourcePk>
<identifying>true</identifying>
<optionalSource>false</optionalSource>
<optionalTarget>false</optionalTarget>
<sourceCardinality>1</sourceCardinality>
<sourceEntity>877441BE-FF03-F617-7207-291A9E5476B9</sourceEntity>
<targetCardinalityString>*</targetCardinalityString>
<targetEntity>7214801F-DFC8-E4C1-A98A-2C163906E68D</targetEntity>
<transferable>true</transferable>
<deleteRule>NO ACTION</deleteRule>
</Relation>