<?xml version = '1.0' encoding = 'UTF-8'?>
<Relation class="oracle.dbtools.crest.model.design.logical.Relation" name="passenger" directorySegmentName="seg_0" id="958FBD69-D80B-A558-C244-DA8042BC3E58">
<createdBy>28776</createdBy>
<createdTime>2022-04-27 18:06:42 UTC</createdTime>
<ownerDesignName>wc_logical</ownerDesignName>
<engineerTo>
<item key="7C2ED89B-D414-088F-1408-CAACDE981B5F" value="true"/>
</engineerTo>
<sourcePk>1EA873B6-5EB5-9870-4486-ADB2E0FE426D</sourcePk>
<identifying>false</identifying>
<nameOnSource>include</nameOnSource>
<nameOnTarget> </nameOnTarget>
<optionalSource>true</optionalSource>
<optionalTarget>false</optionalTarget>
<sourceCardinality>1</sourceCardinality>
<sourceEntity>561B5AF3-3BB8-1067-1837-A9067EB61594</sourceEntity>
<targetCardinalityString>*</targetCardinalityString>
<targetEntity>CAB1F06A-A330-7233-C92A-079DAD25BD2B</targetEntity>
<transferable>true</transferable>
<deleteRule>NO ACTION</deleteRule>
</Relation>