<?xml version = '1.0' encoding = 'UTF-8'?>
<Relation class="oracle.dbtools.crest.model.design.logical.Relation" name="cabin_manifest" directorySegmentName="seg_0" id="C132776C-9A2A-F146-0737-AC87DD6B28AB">
<createdBy>28776</createdBy>
<createdTime>2022-04-27 17:16:23 UTC</createdTime>
<ownerDesignName>wc_logical</ownerDesignName>
<engineerTo>
<item key="7C2ED89B-D414-088F-1408-CAACDE981B5F" value="true"/>
</engineerTo>
<sourcePk>0BED4C84-C2EB-44F0-66E9-410D3C26FCF7</sourcePk>
<identifying>false</identifying>
<nameOnSource>is allocated</nameOnSource>
<nameOnTarget> </nameOnTarget>
<optionalSource>true</optionalSource>
<optionalTarget>false</optionalTarget>
<sourceCardinality>1</sourceCardinality>
<sourceEntity>DFDBA712-DC6C-2FC2-8D5A-2F2A1C246EB4</sourceEntity>
<targetCardinalityString>*</targetCardinalityString>
<targetEntity>EF1F86FC-02E8-F596-FF88-D8CDB0E7CF3E</targetEntity>
<transferable>true</transferable>
<deleteRule>NO ACTION</deleteRule>
</Relation>