<?xml version = '1.0' encoding = 'UTF-8'?>
<Relation class="oracle.dbtools.crest.model.design.logical.Relation" name="cruise_cruise_port" directorySegmentName="seg_0" id="C1380422-78D1-0095-22C2-C01F9500550F">
<createdBy>28776</createdBy>
<createdTime>2022-04-27 08:32:12 UTC</createdTime>
<ownerDesignName>wc_logical</ownerDesignName>
<engineerTo>
<item key="7C2ED89B-D414-088F-1408-CAACDE981B5F" value="true"/>
</engineerTo>
<sourcePk>3A2F2843-5C2C-4AD9-201E-530177BD28D8</sourcePk>
<identifying>true</identifying>
<nameOnSource>has</nameOnSource>
<nameOnTarget> </nameOnTarget>
<optionalSource>true</optionalSource>
<optionalTarget>false</optionalTarget>
<sourceCardinality>1</sourceCardinality>
<sourceEntity>7E035682-B044-C273-6C72-846D39192803</sourceEntity>
<targetCardinalityString>*</targetCardinalityString>
<targetEntity>A37F9206-D645-67B3-E4B2-480DEB9E2A4C</targetEntity>
<transferable>true</transferable>
<deleteRule>NO ACTION</deleteRule>
</Relation>