<?xml version = '1.0' encoding = 'UTF-8'?>
<Relation class="oracle.dbtools.crest.model.design.logical.Relation" name="ship_cruise" directorySegmentName="seg_0" id="C700A936-02F0-D956-29A7-C74B6F618F82">
<createdBy>28776</createdBy>
<createdTime>2022-04-27 07:38:52 UTC</createdTime>
<ownerDesignName>wc_logical</ownerDesignName>
<engineerTo>
<item key="7C2ED89B-D414-088F-1408-CAACDE981B5F" value="true"/>
</engineerTo>
<sourcePk>23394CCF-9A46-4C26-BD92-8408F73CA861</sourcePk>
<identifying>false</identifying>
<nameOnSource>departs on</nameOnSource>
<nameOnTarget> </nameOnTarget>
<optionalSource>true</optionalSource>
<optionalTarget>false</optionalTarget>
<sourceCardinality>1</sourceCardinality>
<sourceEntity>9C4ACE50-044F-B780-EDEB-0A094B8E9850</sourceEntity>
<targetCardinalityString>*</targetCardinalityString>
<targetEntity>7E035682-B044-C273-6C72-846D39192803</targetEntity>
<transferable>true</transferable>
<deleteRule>NO ACTION</deleteRule>
</Relation>