<?xml version = '1.0' encoding = 'UTF-8'?>
<Relation class="oracle.dbtools.crest.model.design.logical.Relation" name="tour_port" directorySegmentName="seg_0" id="C83CF717-7534-13DB-2086-E6B2B4443DF4">
<createdBy>28776</createdBy>
<createdTime>2022-04-27 17:37:17 UTC</createdTime>
<ownerDesignName>wc_logical</ownerDesignName>
<engineerTo>
<item key="7C2ED89B-D414-088F-1408-CAACDE981B5F" value="true"/>
</engineerTo>
<sourcePk>FEC74AFD-E483-63D0-9A82-5BABA0089E2C</sourcePk>
<identifying>true</identifying>
<nameOnSource>include</nameOnSource>
<nameOnTarget> </nameOnTarget>
<optionalSource>false</optionalSource>
<optionalTarget>false</optionalTarget>
<sourceCardinality>1</sourceCardinality>
<sourceEntity>877441BE-FF03-F617-7207-291A9E5476B9</sourceEntity>
<targetCardinalityString>*</targetCardinalityString>
<targetEntity>5755C693-7A6D-5AC8-1A7D-CC1EA13460E9</targetEntity>
<transferable>true</transferable>
<deleteRule>NO ACTION</deleteRule>
</Relation>