<?xml version = '1.0' encoding = 'UTF-8'?>
<Relation class="oracle.dbtools.crest.model.design.logical.Relation" name="operator_ship" directorySegmentName="seg_0" id="E3A7A3CF-4DA7-BE5A-09D6-6097C63C9951">
<createdBy>28776</createdBy>
<createdTime>2022-04-27 06:28:30 UTC</createdTime>
<ownerDesignName>wc_logical</ownerDesignName>
<engineerTo>
<item key="7C2ED89B-D414-088F-1408-CAACDE981B5F" value="true"/>
</engineerTo>
<sourcePk>80719F44-C35A-39C7-82F8-1A24A1E4573D</sourcePk>
<identifying>false</identifying>
<nameOnSource>owns</nameOnSource>
<nameOnTarget> </nameOnTarget>
<optionalSource>false</optionalSource>
<optionalTarget>false</optionalTarget>
<sourceCardinality>1</sourceCardinality>
<sourceEntity>5AD7FDCB-8495-7F3C-7E1D-12D81978BC5F</sourceEntity>
<targetCardinalityString>*</targetCardinalityString>
<targetEntity>9C4ACE50-044F-B780-EDEB-0A094B8E9850</targetEntity>
<transferable>true</transferable>
<deleteRule>NO ACTION</deleteRule>
</Relation>